{"Version":1,"ManifestType":"Publish","Endpoints":[{"Route":"TheMealDBApp.a09r68f65k.styles.css","AssetFile":"TheMealDBApp.styles.css","Selectors":[],"ResponseHeaders":[{"Name":"Accept-Ranges","Value":"bytes"},{"Name":"Cache-Control","Value":"max-age=31536000, immutable"},{"Name":"Content-Length","Value":"1109"},{"Name":"Content-Type","Value":"text/css"},{"Name":"ETag","Value":"\"WrxOocDVSFJcF0hZAfNVVrTBb7K3XMNlS6aMAMVVP0Y=\""},{"Name":"Last-Modified","Value":"Wed, 01 Oct 2025 13:30:38 GMT"}],"EndpointProperties":[{"Name":"fingerprint","Value":"a09r68f65k"},{"Name":"integrity","Value":"sha256-WrxOocDVSFJcF0hZAfNVVrTBb7K3XMNlS6aMAMVVP0Y="},{"Name":"label","Value":"TheMealDBApp.styles.css"}]},{"Route":"TheMealDBApp.styles.css","AssetFile":"TheMealDBApp.styles.css","Selectors":[],"ResponseHeaders":[{"Name":"Accept-Ranges","Value":"bytes"},{"Name":"Cache-Control","Value":"no-cache"},{"Name":"Content-Length","Value":"1109"},{"Name":"Content-Type","Value":"text/css"},{"Name":"ETag","Value":"\"WrxOocDVSFJcF0hZAfNVVrTBb7K3XMNlS6aMAMVVP0Y=\""},{"Name":"Last-Modified","Value":"Wed, 01 Oct 2025 13:30:38 GMT"}],"EndpointProperties":[{"Name":"integrity","Value":"sha256-WrxOocDVSFJcF0hZAfNVVrTBb7K3XMNlS6aMAMVVP0Y="}]},{"Route":"css/site.b9sayid5wm.css","AssetFile":"css/site.css","Selectors":[],"ResponseHeaders":[{"Name":"Accept-Ranges","Value":"bytes"},{"Name":"Cache-Control","Value":"max-age=31536000, immutable"},{"Name":"Content-Length","Value":"667"},{"Name":"Content-Type","Value":"text/css"},{"Name":"ETag","Value":"\"j6fhJSuuyLpOSLuPJU0TsDV0iNjor5S3rDnvxJrt4bg=\""},{"Name":"Last-Modified","Value":"Thu, 14 Aug 2025 09:55:58 GMT"}],"EndpointProperties":[{"Name":"fingerprint","Value":"b9sayid5wm"},{"Name":"integrity","Value":"sha256-j6fhJSuuyLpOSLuPJU0TsDV0iNjor5S3rDnvxJrt4bg="},{"Name":"label","Value":"css/site.css"}]},{"Route":"css/site.css","AssetFile":"css/site.css","Selectors":[],"ResponseHeaders":[{"Name":"Accept-Ranges","Value":"bytes"},{"Name":"Cache-Control","Value":"no-cache"},{"Name":"Content-Length","Value":"667"},{"Name":"Content-Type","Value":"text/css"},{"Name":"ETag","Value":"\"j6fhJSuuyLpOSLuPJU0TsDV0iNjor5S3rDnvxJrt4bg=\""},{"Name":"Last-Modified","Value":"Thu, 14 Aug 2025 09:55:58 GMT"}],"EndpointProperties":[{"Name":"integrity","Value":"sha256-j6fhJSuuyLpOSLuPJU0TsDV0iNjor5S3rDnvxJrt4bg="}]},{"Route":"favicon.61n19gt1b8.ico","AssetFile":"favicon.ico","Selectors":[],"ResponseHeaders":[{"Name":"Accept-Ranges","Value":"bytes"},{"Name":"Cache-Control","Value":"max-age=31536000, immutable"},{"Name":"Content-Length","Value":"5430"},{"Name":"Content-Type","Value":"image/x-icon"},{"Name":"ETag","Value":"\"Jtxf9L+5ITKRc1gIRl4VbUpGkRNfOBXjYTdhJD4facM=\""},{"Name":"Last-Modified","Value":"Thu, 14 Aug 2025 09:55:58 GMT"}],"EndpointProperties":[{"Name":"fingerprint","Value":"61n19gt1b8"},{"Name":"integrity","Value":"sha256-Jtxf9L+5ITKRc1gIRl4VbUpGkRNfOBXjYTdhJD4facM="},{"Name":"label","Value":"favicon.ico"}]},{"Route":"favicon.ico","AssetFile":"favicon.ico","Selectors":[],"ResponseHeaders":[{"Name":"Accept-Ranges","Value":"bytes"},{"Name":"Cache-Control","Value":"no-cache"},{"Name":"Content-Length","Value":"5430"},{"Name":"Content-Type","Value":"image/x-icon"},{"Name":"ETag","Value":"\"Jtxf9L+5ITKRc1gIRl4VbUpGkRNfOBXjYTdhJD4facM=\""},{"Name":"Last-Modified","Value":"Thu, 14 Aug 2025 09:55:58 GMT"}],"EndpointProperties":[{"Name":"integrity","Value":"sha256-Jtxf9L+5ITKRc1gIRl4VbUpGkRNfOBXjYTdhJD4facM="}]},{"Route":"images/dishAdd.budkwhtnx2.png","AssetFile":"images/dishAdd.png","Selectors":[],"ResponseHeaders":[{"Name":"Accept-Ranges","Value":"bytes"},{"Name":"Cache-Control","Value":"max-age=31536000, immutable"},{"Name":"Content-Length","Value":"12951"},{"Name":"Content-Type","Value":"image/png"},{"Name":"ETag","Value":"\"Exft9Dx707sdnnAMtA/aW1tsVM/nuTAFRpKd+8yJwTY=\""},{"Name":"Last-Modified","Value":"Thu, 21 Aug 2025 01:56:29 GMT"}],"EndpointProperties":[{"Name":"fingerprint","Value":"budkwhtnx2"},{"Name":"integrity","Value":"sha256-Exft9Dx707sdnnAMtA/aW1tsVM/nuTAFRpKd+8yJwTY="},{"Name":"label","Value":"images/dishAdd.png"}]},{"Route":"images/dishAdd.png","AssetFile":"images/dishAdd.png","Selectors":[],"ResponseHeaders":[{"Name":"Accept-Ranges","Value":"bytes"},{"Name":"Cache-Control","Value":"no-cache"},{"Name":"Content-Length","Value":"12951"},{"Name":"Content-Type","Value":"image/png"},{"Name":"ETag","Value":"\"Exft9Dx707sdnnAMtA/aW1tsVM/nuTAFRpKd+8yJwTY=\""},{"Name":"Last-Modified","Value":"Thu, 21 Aug 2025 01:56:29 GMT"}],"EndpointProperties":[{"Name":"integrity","Value":"sha256-Exft9Dx707sdnnAMtA/aW1tsVM/nuTAFRpKd+8yJwTY="}]},{"Route":"images/schedule.giaml5qbmv.png","AssetFile":"images/schedule.png","Selectors":[],"ResponseHeaders":[{"Name":"Accept-Ranges","Value":"bytes"},{"Name":"Cache-Control","Value":"max-age=31536000, immutable"},{"Name":"Content-Length","Value":"28360"},{"Name":"Content-Type","Value":"image/png"},{"Name":"ETag","Value":"\"uKclXz9THYsauv7k+eAkIe3J0IIMXTCsDyTKXV4fzbg=\""},{"Name":"Last-Modified","Value":"Wed, 20 Aug 2025 12:02:06 GMT"}],"EndpointProperties":[{"Name":"fingerprint","Value":"giaml5qbmv"},{"Name":"integrity","Value":"sha256-uKclXz9THYsauv7k+eAkIe3J0IIMXTCsDyTKXV4fzbg="},{"Name":"label","Value":"images/schedule.png"}]},{"Route":"images/schedule.png","AssetFile":"images/schedule.png","Selectors":[],"ResponseHeaders":[{"Name":"Accept-Ranges","Value":"bytes"},{"Name":"Cache-Control","Value":"no-cache"},{"Name":"Content-Length","Value":"28360"},{"Name":"Content-Type","Value":"image/png"},{"Name":"ETag","Value":"\"uKclXz9THYsauv7k+eAkIe3J0IIMXTCsDyTKXV4fzbg=\""},{"Name":"Last-Modified","Value":"Wed, 20 Aug 2025 12:02:06 GMT"}],"EndpointProperties":[{"Name":"integrity","Value":"sha256-uKclXz9THYsauv7k+eAkIe3J0IIMXTCsDyTKXV4fzbg="}]},{"Route":"js/site.js","AssetFile":"js/site.js","Selectors":[],"ResponseHeaders":[{"Name":"Accept-Ranges","Value":"bytes"},{"Name":"Cache-Control","Value":"no-cache"},{"Name":"Content-Length","Value":"231"},{"Name":"Content-Type","Value":"text/javascript"},{"Name":"ETag","Value":"\"hRQyftXiu1lLX2P9Ly9xa4gHJgLeR1uGN5qegUobtGo=\""},{"Name":"Last-Modified","Value":"Thu, 14 Aug 2025 09:55:58 GMT"}],"EndpointProperties":[{"Name":"integrity","Value":"sha256-hRQyftXiu1lLX2P9Ly9xa4gHJgLeR1uGN5qegUobtGo="}]},{"Route":"js/site.xtxxf3hu2r.js","AssetFile":"js/site.js","Selectors":[],"ResponseHeaders":[{"Name":"Accept-Ranges","Value":"bytes"},{"Name":"Cache-Control","Value":"max-age=31536000, immutable"},{"Name":"Content-Length","Value":"231"},{"Name":"Content-Type","Value":"text/javascript"},{"Name":"ETag","Value":"\"hRQyftXiu1lLX2P9Ly9xa4gHJgLeR1uGN5qegUobtGo=\""},{"Name":"Last-Modified","Value":"Thu, 14 Aug 2025 09:55:58 GMT"}],"EndpointProperties":[{"Name":"fingerprint","Value":"xtxxf3hu2r"},{"Name":"integrity","Value":"sha256-hRQyftXiu1lLX2P9Ly9xa4gHJgLeR1uGN5qegUobtGo="},{"Name":"label","Value":"js/site.js"}]},{"Route":"lib/bootstrap/LICENSE","AssetFile":"lib/bootstrap/LICENSE","Selectors":[],"ResponseHeaders":[{"Name":"Accept-Ranges","Value":"bytes"},{"Name":"Cache-Control","Value":"no-cache"},{"Name":"Content-Length","Value":"1153"},{"Name":"Content-Type","Value":"application/octet-stream"},{"Name":"ETag","Value":"\"ZH6pA6BSx6fuHZvdaKph1DwUJ+VSYilIiEQu8ilnvqk=\""},{"Name":"Last-Modified","Value":"Thu, 14 Aug 2025 09:55:58 GMT"}],"EndpointProperties":[{"Name":"integrity","Value":"sha256-ZH6pA6BSx6fuHZvdaKph1DwUJ+VSYilIiEQu8ilnvqk="}]},{"Route":"lib/bootstrap/LICENSE.81b7ukuj9c","AssetFile":"lib/bootstrap/LICENSE","Selectors":[],"ResponseHeaders":[{"Name":"Accept-Ranges","Value":"bytes"},{"Name":"Cache-Control","Value":"max-age=31536000, immutable"},{"Name":"Content-Length","Value":"1153"},{"Name":"Content-Type","Value":"application/octet-stream"},{"Name":"ETag","Value":"\"ZH6pA6BSx6fuHZvdaKph1DwUJ+VSYilIiEQu8ilnvqk=\""},{"Name":"Last-Modified","Value":"Thu, 14 Aug 2025 09:55:58 GMT"}],"EndpointProperties":[{"Name":"fingerprint","Value":"81b7ukuj9c"},{"Name":"integrity","Value":"sha256-ZH6pA6BSx6fuHZvdaKph1DwUJ+VSYilIiEQu8ilnvqk="},{"Name":"label","Value":"lib/bootstrap/LICENSE"}]},{"Route":"lib/bootstrap/dist/css/bootstrap-grid.bqjiyaj88i.css","AssetFile":"lib/bootstrap/dist/css/bootstrap-grid.css","Selectors":[],"ResponseHeaders":[{"Name":"Accept-Ranges","Value":"bytes"},{"Name":"Cache-Control","Value":"max-age=31536000, immutable"},{"Name":"Content-Length","Value":"70329"},{"Name":"Content-Type","Value":"text/css"},{"Name":"ETag","Value":"\"Yy5/hBqRmmU2MJ1TKwP2aXoTO6+OjzrLmJIsC2Wy4H8=\""},{"Name":"Last-Modified","Value":"Thu, 14 Aug 2025 09:55:58 GMT"}],"EndpointProperties":[{"Name":"fingerprint","Value":"bqjiyaj88i"},{"Name":"integrity","Value":"sha256-Yy5/hBqRmmU2MJ1TKwP2aXoTO6+OjzrLmJIsC2Wy4H8="},{"Name":"label","Value":"lib/bootstrap/dist/css/bootstrap-grid.css"}]},{"Route":"lib/bootstrap/dist/css/bootstrap-grid.css","AssetFile":"lib/bootstrap/dist/css/bootstrap-grid.css","Selectors":[],"ResponseHeaders":[{"Name":"Accept-Ranges","Value":"bytes"},{"Name":"Cache-Control","Value":"no-cache"},{"Name":"Content-Length","Value":"70329"},{"Name":"Content-Type","Value":"text/css"},{"Name":"ETag","Value":"\"Yy5/hBqRmmU2MJ1TKwP2aXoTO6+OjzrLmJIsC2Wy4H8=\""},{"Name":"Last-Modified","Value":"Thu, 14 Aug 2025 09:55:58 GMT"}],"EndpointProperties":[{"Name":"integrity","Value":"sha256-Yy5/hBqRmmU2MJ1TKwP2aXoTO6+OjzrLmJIsC2Wy4H8="}]},{"Route":"lib/bootstrap/dist/css/bootstrap-grid.css.c2jlpeoesf.map","AssetFile":"lib/bootstrap/dist/css/bootstrap-grid.css.map","Selectors":[],"ResponseHeaders":[{"Name":"Accept-Ranges","Value":"bytes"},{"Name":"Cache-Control","Value":"max-age=31536000, immutable"},{"Name":"Content-Length","Value":"203221"},{"Name":"Content-Type","Value":"text/plain"},{"Name":"ETag","Value":"\"xAT+n25FE5hvOjj2fG4YdOwr1bl4IlAJBNg6PbhLT2E=\""},{"Name":"Last-Modified","Value":"Thu, 14 Aug 2025 09:55:58 GMT"}],"EndpointProperties":[{"Name":"fingerprint","Value":"c2jlpeoesf"},{"Name":"integrity","Value":"sha256-xAT+n25FE5hvOjj2fG4YdOwr1bl4IlAJBNg6PbhLT2E="},{"Name":"label","Value":"lib/bootstrap/dist/css/bootstrap-grid.css.map"}]},{"Route":"lib/bootstrap/dist/css/bootstrap-grid.css.map","AssetFile":"lib/bootstrap/dist/css/bootstrap-grid.css.map","Selectors":[],"ResponseHeaders":[{"Name":"Accept-Ranges","Value":"bytes"},{"Name":"Cache-Control","Value":"no-cache"},{"Name":"Content-Length","Value":"203221"},{"Name":"Content-Type","Value":"text/plain"},{"Name":"ETag","Value":"\"xAT+n25FE5hvOjj2fG4YdOwr1bl4IlAJBNg6PbhLT2E=\""},{"Name":"Last-Modified","Value":"Thu, 14 Aug 2025 09:55:58 GMT"}],"EndpointProperties":[{"Name":"integrity","Value":"sha256-xAT+n25FE5hvOjj2fG4YdOwr1bl4IlAJBNg6PbhLT2E="}]},{"Route":"lib/bootstrap/dist/css/bootstrap-grid.min.css","AssetFile":"lib/bootstrap/dist/css/bootstrap-grid.min.css","Selectors":[],"ResponseHeaders":[{"Name":"Accept-Ranges","Value":"bytes"},{"Name":"Cache-Control","Value":"no-cache"},{"Name":"Content-Length","Value":"51795"},{"Name":"Content-Type","Value":"text/css"},{"Name":"ETag","Value":"\"5nDHMGiyfZHl3UXePuhLDQR9ncPfBR1HJeZLXyJNV24=\""},{"Name":"Last-Modified","Value":"Thu, 14 Aug 2025 09:55:58 GMT"}],"EndpointProperties":[{"Name":"integrity","Value":"sha256-5nDHMGiyfZHl3UXePuhLDQR9ncPfBR1HJeZLXyJNV24="}]},{"Route":"lib/bootstrap/dist/css/bootstrap-grid.min.css.aexeepp0ev.map","AssetFile":"lib/bootstrap/dist/css/bootstrap-grid.min.css.map","Selectors":[],"ResponseHeaders":[{"Name":"Accept-Ranges","Value":"bytes"},{"Name":"Cache-Control","Value":"max-age=31536000, immutable"},{"Name":"Content-Length","Value":"115986"},{"Name":"Content-Type","Value":"text/plain"},{"Name":"ETag","Value":"\"kgL+xwVmM8IOs15lnoHt9daR2LRMiBG/cYgUPcKQOY4=\""},{"Name":"Last-Modified","Value":"Thu, 14 Aug 2025 09:55:58 GMT"}],"EndpointProperties":[{"Name":"fingerprint","Value":"aexeepp0ev"},{"Name":"integrity","Value":"sha256-kgL+xwVmM8IOs15lnoHt9daR2LRMiBG/cYgUPcKQOY4="},{"Name":"label","Value":"lib/bootstrap/dist/css/bootstrap-grid.min.css.map"}]},{"Route":"lib/bootstrap/dist/css/bootstrap-grid.min.css.map","AssetFile":"lib/bootstrap/dist/css/bootstrap-grid.min.css.map","Selectors":[],"ResponseHeaders":[{"Name":"Accept-Ranges","Value":"bytes"},{"Name":"Cache-Control","Value":"no-cache"},{"Name":"Content-Length","Value":"115986"},{"Name":"Content-Type","Value":"text/plain"},{"Name":"ETag","Value":"\"kgL+xwVmM8IOs15lnoHt9daR2LRMiBG/cYgUPcKQOY4=\""},{"Name":"Last-Modified","Value":"Thu, 14 Aug 2025 09:55:58 GMT"}],"EndpointProperties":[{"Name":"integrity","Value":"sha256-kgL+xwVmM8IOs15lnoHt9daR2LRMiBG/cYgUPcKQOY4="}]},{"Route":"lib/bootstrap/dist/css/bootstrap-grid.min.erw9l3u2r3.css","AssetFile":"lib/bootstrap/dist/css/bootstrap-grid.min.css","Selectors":[],"ResponseHeaders":[{"Name":"Accept-Ranges","Value":"bytes"},{"Name":"Cache-Control","Value":"max-age=31536000, immutable"},{"Name":"Content-Length","Value":"51795"},{"Name":"Content-Type","Value":"text/css"},{"Name":"ETag","Value":"\"5nDHMGiyfZHl3UXePuhLDQR9ncPfBR1HJeZLXyJNV24=\""},{"Name":"Last-Modified","Value":"Thu, 14 Aug 2025 09:55:58 GMT"}],"EndpointProperties":[{"Name":"fingerprint","Value":"erw9l3u2r3"},{"Name":"integrity","Value":"sha256-5nDHMGiyfZHl3UXePuhLDQR9ncPfBR1HJeZLXyJNV24="},{"Name":"label","Value":"lib/bootstrap/dist/css/bootstrap-grid.min.css"}]},{"Route":"lib/bootstrap/dist/css/bootstrap-grid.rtl.css","AssetFile":"lib/bootstrap/dist/css/bootstrap-grid.rtl.css","Selectors":[],"ResponseHeaders":[{"Name":"Accept-Ranges","Value":"bytes"},{"Name":"Cache-Control","Value":"no-cache"},{"Name":"Content-Length","Value":"70403"},{"Name":"Content-Type","Value":"text/css"},{"Name":"ETag","Value":"\"CZxoF8zjaLlyVkcvVCDlc8CeQR1w1RMrvgYx30cs8kM=\""},{"Name":"Last-Modified","Value":"Thu, 14 Aug 2025 09:55:58 GMT"}],"EndpointProperties":[{"Name":"integrity","Value":"sha256-CZxoF8zjaLlyVkcvVCDlc8CeQR1w1RMrvgYx30cs8kM="}]},{"Route":"lib/bootstrap/dist/css/bootstrap-grid.rtl.css.ausgxo2sd3.map","AssetFile":"lib/bootstrap/dist/css/bootstrap-grid.rtl.css.map","Selectors":[],"ResponseHeaders":[{"Name":"Accept-Ranges","Value":"bytes"},{"Name":"Cache-Control","Value":"max-age=31536000, immutable"},{"Name":"Content-Length","Value":"203225"},{"Name":"Content-Type","Value":"text/plain"},{"Name":"ETag","Value":"\"/siQUA8yX830j+cL4amKHY3yBtn3n8z3Eg+VZ15f90k=\""},{"Name":"Last-Modified","Value":"Thu, 14 Aug 2025 09:55:58 GMT"}],"EndpointProperties":[{"Name":"fingerprint","Value":"ausgxo2sd3"},{"Name":"integrity","Value":"sha256-/siQUA8yX830j+cL4amKHY3yBtn3n8z3Eg+VZ15f90k="},{"Name":"label","Value":"lib/bootstrap/dist/css/bootstrap-grid.rtl.css.map"}]},{"Route":"lib/bootstrap/dist/css/bootstrap-grid.rtl.css.map","AssetFile":"lib/bootstrap/dist/css/bootstrap-grid.rtl.css.map","Selectors":[],"ResponseHeaders":[{"Name":"Accept-Ranges","Value":"bytes"},{"Name":"Cache-Control","Value":"no-cache"},{"Name":"Content-Length","Value":"203225"},{"Name":"Content-Type","Value":"text/plain"},{"Name":"ETag","Value":"\"/siQUA8yX830j+cL4amKHY3yBtn3n8z3Eg+VZ15f90k=\""},{"Name":"Last-Modified","Value":"Thu, 14 Aug 2025 09:55:58 GMT"}],"EndpointProperties":[{"Name":"integrity","Value":"sha256-/siQUA8yX830j+cL4amKHY3yBtn3n8z3Eg+VZ15f90k="}]},{"Route":"lib/bootstrap/dist/css/bootstrap-grid.rtl.d7shbmvgxk.css","AssetFile":"lib/bootstrap/dist/css/bootstrap-grid.rtl.css","Selectors":[],"ResponseHeaders":[{"Name":"Accept-Ranges","Value":"bytes"},{"Name":"Cache-Control","Value":"max-age=31536000, immutable"},{"Name":"Content-Length","Value":"70403"},{"Name":"Content-Type","Value":"text/css"},{"Name":"ETag","Value":"\"CZxoF8zjaLlyVkcvVCDlc8CeQR1w1RMrvgYx30cs8kM=\""},{"Name":"Last-Modified","Value":"Thu, 14 Aug 2025 09:55:58 GMT"}],"EndpointProperties":[{"Name":"fingerprint","Value":"d7shbmvgxk"},{"Name":"integrity","Value":"sha256-CZxoF8zjaLlyVkcvVCDlc8CeQR1w1RMrvgYx30cs8kM="},{"Name":"label","Value":"lib/bootstrap/dist/css/bootstrap-grid.rtl.css"}]},{"Route":"lib/bootstrap/dist/css/bootstrap-grid.rtl.min.css","AssetFile":"lib/bootstrap/dist/css/bootstrap-grid.rtl.min.css","Selectors":[],"ResponseHeaders":[{"Name":"Accept-Ranges","Value":"bytes"},{"Name":"Cache-Control","Value":"no-cache"},{"Name":"Content-Length","Value":"51870"},{"Name":"Content-Type","Value":"text/css"},{"Name":"ETag","Value":"\"vMxTcvkC4Ly7LiAT3G8yEy9EpTr7Fge4SczWp07/p3k=\""},{"Name":"Last-Modified","Value":"Thu, 14 Aug 2025 09:55:58 GMT"}],"EndpointProperties":[{"Name":"integrity","Value":"sha256-vMxTcvkC4Ly7LiAT3G8yEy9EpTr7Fge4SczWp07/p3k="}]},{"Route":"lib/bootstrap/dist/css/bootstrap-grid.rtl.min.css.cosvhxvwiu.map","AssetFile":"lib/bootstrap/dist/css/bootstrap-grid.rtl.min.css.map","Selectors":[],"ResponseHeaders":[{"Name":"Accept-Ranges","Value":"bytes"},{"Name":"Cache-Control","Value":"max-age=31536000, immutable"},{"Name":"Content-Length","Value":"116063"},{"Name":"Content-Type","Value":"text/plain"},{"Name":"ETag","Value":"\"7GdOlw7U/wgyaeUtFmxPz5/MphdvVSPtVOOlTn9c33Q=\""},{"Name":"Last-Modified","Value":"Thu, 14 Aug 2025 09:55:58 GMT"}],"EndpointProperties":[{"Name":"fingerprint","Value":"cosvhxvwiu"},{"Name":"integrity","Value":"sha256-7GdOlw7U/wgyaeUtFmxPz5/MphdvVSPtVOOlTn9c33Q="},{"Name":"label","Value":"lib/bootstrap/dist/css/bootstrap-grid.rtl.min.css.map"}]},{"Route":"lib/bootstrap/dist/css/bootstrap-grid.rtl.min.css.map","AssetFile":"lib/bootstrap/dist/css/bootstrap-grid.rtl.min.css.map","Selectors":[],"ResponseHeaders":[{"Name":"Accept-Ranges","Value":"bytes"},{"Name":"Cache-Control","Value":"no-cache"},{"Name":"Content-Length","Value":"116063"},{"Name":"Content-Type","Value":"text/plain"},{"Name":"ETag","Value":"\"7GdOlw7U/wgyaeUtFmxPz5/MphdvVSPtVOOlTn9c33Q=\""},{"Name":"Last-Modified","Value":"Thu, 14 Aug 2025 09:55:58 GMT"}],"EndpointProperties":[{"Name":"integrity","Value":"sha256-7GdOlw7U/wgyaeUtFmxPz5/MphdvVSPtVOOlTn9c33Q="}]},{"Route":"lib/bootstrap/dist/css/bootstrap-grid.rtl.min.k8d9w2qqmf.css","AssetFile":"lib/bootstrap/dist/css/bootstrap-grid.rtl.min.css","Selectors":[],"ResponseHeaders":[{"Name":"Accept-Ranges","Value":"bytes"},{"Name":"Cache-Control","Value":"max-age=31536000, immutable"},{"Name":"Content-Length","Value":"51870"},{"Name":"Content-Type","Value":"text/css"},{"Name":"ETag","Value":"\"vMxTcvkC4Ly7LiAT3G8yEy9EpTr7Fge4SczWp07/p3k=\""},{"Name":"Last-Modified","Value":"Thu, 14 Aug 2025 09:55:58 GMT"}],"EndpointProperties":[{"Name":"fingerprint","Value":"k8d9w2qqmf"},{"Name":"integrity","Value":"sha256-vMxTcvkC4Ly7LiAT3G8yEy9EpTr7Fge4SczWp07/p3k="},{"Name":"label","Value":"lib/bootstrap/dist/css/bootstrap-grid.rtl.min.css"}]},{"Route":"lib/bootstrap/dist/css/bootstrap-reboot.css","AssetFile":"lib/bootstrap/dist/css/bootstrap-reboot.css","Selectors":[],"ResponseHeaders":[{"Name":"Accept-Ranges","Value":"bytes"},{"Name":"Cache-Control","Value":"no-cache"},{"Name":"Content-Length","Value":"12065"},{"Name":"Content-Type","Value":"text/css"},{"Name":"ETag","Value":"\"lo9YI82OF03vojdu+XOR3+DRrLIpMhpzZNmHbM5CDMA=\""},{"Name":"Last-Modified","Value":"Thu, 14 Aug 2025 09:55:58 GMT"}],"EndpointProperties":[{"Name":"integrity","Value":"sha256-lo9YI82OF03vojdu+XOR3+DRrLIpMhpzZNmHbM5CDMA="}]},{"Route":"lib/bootstrap/dist/css/bootstrap-reboot.css.fvhpjtyr6v.map","AssetFile":"lib/bootstrap/dist/css/bootstrap-reboot.css.map","Selectors":[],"ResponseHeaders":[{"Name":"Accept-Ranges","Value":"bytes"},{"Name":"Cache-Control","Value":"max-age=31536000, immutable"},{"Name":"Content-Length","Value":"129371"},{"Name":"Content-Type","Value":"text/plain"},{"Name":"ETag","Value":"\"RXJ/QZiBfHXoPtXR2EgC+bFo2pe3GtbZO722RtiLGzQ=\""},{"Name":"Last-Modified","Value":"Thu, 14 Aug 2025 09:55:58 GMT"}],"EndpointProperties":[{"Name":"fingerprint","Value":"fvhpjtyr6v"},{"Name":"integrity","Value":"sha256-RXJ/QZiBfHXoPtXR2EgC+bFo2pe3GtbZO722RtiLGzQ="},{"Name":"label","Value":"lib/bootstrap/dist/css/bootstrap-reboot.css.map"}]},{"Route":"lib/bootstrap/dist/css/bootstrap-reboot.css.map","AssetFile":"lib/bootstrap/dist/css/bootstrap-reboot.css.map","Selectors":[],"ResponseHeaders":[{"Name":"Accept-Ranges","Value":"bytes"},{"Name":"Cache-Control","Value":"no-cache"},{"Name":"Content-Length","Value":"129371"},{"Name":"Content-Type","Value":"text/plain"},{"Name":"ETag","Value":"\"RXJ/QZiBfHXoPtXR2EgC+bFo2pe3GtbZO722RtiLGzQ=\""},{"Name":"Last-Modified","Value":"Thu, 14 Aug 2025 09:55:58 GMT"}],"EndpointProperties":[{"Name":"integrity","Value":"sha256-RXJ/QZiBfHXoPtXR2EgC+bFo2pe3GtbZO722RtiLGzQ="}]},{"Route":"lib/bootstrap/dist/css/bootstrap-reboot.min.b7pk76d08c.css","AssetFile":"lib/bootstrap/dist/css/bootstrap-reboot.min.css","Selectors":[],"ResponseHeaders":[{"Name":"Accept-Ranges","Value":"bytes"},{"Name":"Cache-Control","Value":"max-age=31536000, immutable"},{"Name":"Content-Length","Value":"10126"},{"Name":"Content-Type","Value":"text/css"},{"Name":"ETag","Value":"\"l8vt5oozv958eMd9TFsPAWgl9JJK9YKfbVSs8mchQ84=\""},{"Name":"Last-Modified","Value":"Thu, 14 Aug 2025 09:55:58 GMT"}],"EndpointProperties":[{"Name":"fingerprint","Value":"b7pk76d08c"},{"Name":"integrity","Value":"sha256-l8vt5oozv958eMd9TFsPAWgl9JJK9YKfbVSs8mchQ84="},{"Name":"label","Value":"lib/bootstrap/dist/css/bootstrap-reboot.min.css"}]},{"Route":"lib/bootstrap/dist/css/bootstrap-reboot.min.css","AssetFile":"lib/bootstrap/dist/css/bootstrap-reboot.min.css","Selectors":[],"ResponseHeaders":[{"Name":"Accept-Ranges","Value":"bytes"},{"Name":"Cache-Control","Value":"no-cache"},{"Name":"Content-Length","Value":"10126"},{"Name":"Content-Type","Value":"text/css"},{"Name":"ETag","Value":"\"l8vt5oozv958eMd9TFsPAWgl9JJK9YKfbVSs8mchQ84=\""},{"Name":"Last-Modified","Value":"Thu, 14 Aug 2025 09:55:58 GMT"}],"EndpointProperties":[{"Name":"integrity","Value":"sha256-l8vt5oozv958eMd9TFsPAWgl9JJK9YKfbVSs8mchQ84="}]},{"Route":"lib/bootstrap/dist/css/bootstrap-reboot.min.css.fsbi9cje9m.map","AssetFile":"lib/bootstrap/dist/css/bootstrap-reboot.min.css.map","Selectors":[],"ResponseHeaders":[{"Name":"Accept-Ranges","Value":"bytes"},{"Name":"Cache-Control","Value":"max-age=31536000, immutable"},{"Name":"Content-Length","Value":"51369"},{"Name":"Content-Type","Value":"text/plain"},{"Name":"ETag","Value":"\"0eqVT62kqRLJh9oTqLeIH4UnQskqVjib8hl2fXxl4lg=\""},{"Name":"Last-Modified","Value":"Thu, 14 Aug 2025 09:55:58 GMT"}],"EndpointProperties":[{"Name":"fingerprint","Value":"fsbi9cje9m"},{"Name":"integrity","Value":"sha256-0eqVT62kqRLJh9oTqLeIH4UnQskqVjib8hl2fXxl4lg="},{"Name":"label","Value":"lib/bootstrap/dist/css/bootstrap-reboot.min.css.map"}]},{"Route":"lib/bootstrap/dist/css/bootstrap-reboot.min.css.map","AssetFile":"lib/bootstrap/dist/css/bootstrap-reboot.min.css.map","Selectors":[],"ResponseHeaders":[{"Name":"Accept-Ranges","Value":"bytes"},{"Name":"Cache-Control","Value":"no-cache"},{"Name":"Content-Length","Value":"51369"},{"Name":"Content-Type","Value":"text/plain"},{"Name":"ETag","Value":"\"0eqVT62kqRLJh9oTqLeIH4UnQskqVjib8hl2fXxl4lg=\""},{"Name":"Last-Modified","Value":"Thu, 14 Aug 2025 09:55:58 GMT"}],"EndpointProperties":[{"Name":"integrity","Value":"sha256-0eqVT62kqRLJh9oTqLeIH4UnQskqVjib8hl2fXxl4lg="}]},{"Route":"lib/bootstrap/dist/css/bootstrap-reboot.rtl.css","AssetFile":"lib/bootstrap/dist/css/bootstrap-reboot.rtl.css","Selectors":[],"ResponseHeaders":[{"Name":"Accept-Ranges","Value":"bytes"},{"Name":"Cache-Control","Value":"no-cache"},{"Name":"Content-Length","Value":"12058"},{"Name":"Content-Type","Value":"text/css"},{"Name":"ETag","Value":"\"V8psnHoJS/MPlCXWwc/J3tGtp9c3gGFRmqsIQgpn+Gg=\""},{"Name":"Last-Modified","Value":"Thu, 14 Aug 2025 09:55:58 GMT"}],"EndpointProperties":[{"Name":"integrity","Value":"sha256-V8psnHoJS/MPlCXWwc/J3tGtp9c3gGFRmqsIQgpn+Gg="}]},{"Route":"lib/bootstrap/dist/css/bootstrap-reboot.rtl.css.ee0r1s7dh0.map","AssetFile":"lib/bootstrap/dist/css/bootstrap-reboot.rtl.css.map","Selectors":[],"ResponseHeaders":[{"Name":"Accept-Ranges","Value":"bytes"},{"Name":"Cache-Control","Value":"max-age=31536000, immutable"},{"Name":"Content-Length","Value":"129386"},{"Name":"Content-Type","Value":"text/plain"},{"Name":"ETag","Value":"\"OoQVwh7Arp7bVoK2ZiTx2S//KrnPrSPzPZ93CqCMhe8=\""},{"Name":"Last-Modified","Value":"Thu, 14 Aug 2025 09:55:58 GMT"}],"EndpointProperties":[{"Name":"fingerprint","Value":"ee0r1s7dh0"},{"Name":"integrity","Value":"sha256-OoQVwh7Arp7bVoK2ZiTx2S//KrnPrSPzPZ93CqCMhe8="},{"Name":"label","Value":"lib/bootstrap/dist/css/bootstrap-reboot.rtl.css.map"}]},{"Route":"lib/bootstrap/dist/css/bootstrap-reboot.rtl.css.map","AssetFile":"lib/bootstrap/dist/css/bootstrap-reboot.rtl.css.map","Selectors":[],"ResponseHeaders":[{"Name":"Accept-Ranges","Value":"bytes"},{"Name":"Cache-Control","Value":"no-cache"},{"Name":"Content-Length","Value":"129386"},{"Name":"Content-Type","Value":"text/plain"},{"Name":"ETag","Value":"\"OoQVwh7Arp7bVoK2ZiTx2S//KrnPrSPzPZ93CqCMhe8=\""},{"Name":"Last-Modified","Value":"Thu, 14 Aug 2025 09:55:58 GMT"}],"EndpointProperties":[{"Name":"integrity","Value":"sha256-OoQVwh7Arp7bVoK2ZiTx2S//KrnPrSPzPZ93CqCMhe8="}]},{"Route":"lib/bootstrap/dist/css/bootstrap-reboot.rtl.min.css","AssetFile":"lib/bootstrap/dist/css/bootstrap-reboot.rtl.min.css","Selectors":[],"ResponseHeaders":[{"Name":"Accept-Ranges","Value":"bytes"},{"Name":"Cache-Control","Value":"no-cache"},{"Name":"Content-Length","Value":"10198"},{"Name":"Content-Type","Value":"text/css"},{"Name":"ETag","Value":"\"/8jh8hcEMFKyS6goWqnNu7t3EzZPCGdQZgO6sCkI8tI=\""},{"Name":"Last-Modified","Value":"Thu, 14 Aug 2025 09:55:58 GMT"}],"EndpointProperties":[{"Name":"integrity","Value":"sha256-/8jh8hcEMFKyS6goWqnNu7t3EzZPCGdQZgO6sCkI8tI="}]},{"Route":"lib/bootstrap/dist/css/bootstrap-reboot.rtl.min.css.jd9uben2k1.map","AssetFile":"lib/bootstrap/dist/css/bootstrap-reboot.rtl.min.css.map","Selectors":[],"ResponseHeaders":[{"Name":"Accept-Ranges","Value":"bytes"},{"Name":"Cache-Control","Value":"max-age=31536000, immutable"},{"Name":"Content-Length","Value":"63943"},{"Name":"Content-Type","Value":"text/plain"},{"Name":"ETag","Value":"\"910zw+rMdcg0Ls48ATp65vEn8rd5HvPxOKm2x3/CBII=\""},{"Name":"Last-Modified","Value":"Thu, 14 Aug 2025 09:55:58 GMT"}],"EndpointProperties":[{"Name":"fingerprint","Value":"jd9uben2k1"},{"Name":"integrity","Value":"sha256-910zw+rMdcg0Ls48ATp65vEn8rd5HvPxOKm2x3/CBII="},{"Name":"label","Value":"lib/bootstrap/dist/css/bootstrap-reboot.rtl.min.css.map"}]},{"Route":"lib/bootstrap/dist/css/bootstrap-reboot.rtl.min.css.map","AssetFile":"lib/bootstrap/dist/css/bootstrap-reboot.rtl.min.css.map","Selectors":[],"ResponseHeaders":[{"Name":"Accept-Ranges","Value":"bytes"},{"Name":"Cache-Control","Value":"no-cache"},{"Name":"Content-Length","Value":"63943"},{"Name":"Content-Type","Value":"text/plain"},{"Name":"ETag","Value":"\"910zw+rMdcg0Ls48ATp65vEn8rd5HvPxOKm2x3/CBII=\""},{"Name":"Last-Modified","Value":"Thu, 14 Aug 2025 09:55:58 GMT"}],"EndpointProperties":[{"Name":"integrity","Value":"sha256-910zw+rMdcg0Ls48ATp65vEn8rd5HvPxOKm2x3/CBII="}]},{"Route":"lib/bootstrap/dist/css/bootstrap-reboot.rtl.min.dxx9fxp4il.css","AssetFile":"lib/bootstrap/dist/css/bootstrap-reboot.rtl.min.css","Selectors":[],"ResponseHeaders":[{"Name":"Accept-Ranges","Value":"bytes"},{"Name":"Cache-Control","Value":"max-age=31536000, immutable"},{"Name":"Content-Length","Value":"10198"},{"Name":"Content-Type","Value":"text/css"},{"Name":"ETag","Value":"\"/8jh8hcEMFKyS6goWqnNu7t3EzZPCGdQZgO6sCkI8tI=\""},{"Name":"Last-Modified","Value":"Thu, 14 Aug 2025 09:55:58 GMT"}],"EndpointProperties":[{"Name":"fingerprint","Value":"dxx9fxp4il"},{"Name":"integrity","Value":"sha256-/8jh8hcEMFKyS6goWqnNu7t3EzZPCGdQZgO6sCkI8tI="},{"Name":"label","Value":"lib/bootstrap/dist/css/bootstrap-reboot.rtl.min.css"}]},{"Route":"lib/bootstrap/dist/css/bootstrap-reboot.rtl.rzd6atqjts.css","AssetFile":"lib/bootstrap/dist/css/bootstrap-reboot.rtl.css","Selectors":[],"ResponseHeaders":[{"Name":"Accept-Ranges","Value":"bytes"},{"Name":"Cache-Control","Value":"max-age=31536000, immutable"},{"Name":"Content-Length","Value":"12058"},{"Name":"Content-Type","Value":"text/css"},{"Name":"ETag","Value":"\"V8psnHoJS/MPlCXWwc/J3tGtp9c3gGFRmqsIQgpn+Gg=\""},{"Name":"Last-Modified","Value":"Thu, 14 Aug 2025 09:55:58 GMT"}],"EndpointProperties":[{"Name":"fingerprint","Value":"rzd6atqjts"},{"Name":"integrity","Value":"sha256-V8psnHoJS/MPlCXWwc/J3tGtp9c3gGFRmqsIQgpn+Gg="},{"Name":"label","Value":"lib/bootstrap/dist/css/bootstrap-reboot.rtl.css"}]},{"Route":"lib/bootstrap/dist/css/bootstrap-reboot.ub07r2b239.css","AssetFile":"lib/bootstrap/dist/css/bootstrap-reboot.css","Selectors":[],"ResponseHeaders":[{"Name":"Accept-Ranges","Value":"bytes"},{"Name":"Cache-Control","Value":"max-age=31536000, immutable"},{"Name":"Content-Length","Value":"12065"},{"Name":"Content-Type","Value":"text/css"},{"Name":"ETag","Value":"\"lo9YI82OF03vojdu+XOR3+DRrLIpMhpzZNmHbM5CDMA=\""},{"Name":"Last-Modified","Value":"Thu, 14 Aug 2025 09:55:58 GMT"}],"EndpointProperties":[{"Name":"fingerprint","Value":"ub07r2b239"},{"Name":"integrity","Value":"sha256-lo9YI82OF03vojdu+XOR3+DRrLIpMhpzZNmHbM5CDMA="},{"Name":"label","Value":"lib/bootstrap/dist/css/bootstrap-reboot.css"}]},{"Route":"lib/bootstrap/dist/css/bootstrap-utilities.css","AssetFile":"lib/bootstrap/dist/css/bootstrap-utilities.css","Selectors":[],"ResponseHeaders":[{"Name":"Accept-Ranges","Value":"bytes"},{"Name":"Cache-Control","Value":"no-cache"},{"Name":"Content-Length","Value":"107823"},{"Name":"Content-Type","Value":"text/css"},{"Name":"ETag","Value":"\"2BubgNUPlQSF/0wLFcRXQ/Yjzk9vsUbDAeK2QM+h+yo=\""},{"Name":"Last-Modified","Value":"Thu, 14 Aug 2025 09:55:58 GMT"}],"EndpointProperties":[{"Name":"integrity","Value":"sha256-2BubgNUPlQSF/0wLFcRXQ/Yjzk9vsUbDAeK2QM+h+yo="}]},{"Route":"lib/bootstrap/dist/css/bootstrap-utilities.css.map","AssetFile":"lib/bootstrap/dist/css/bootstrap-utilities.css.map","Selectors":[],"ResponseHeaders":[{"Name":"Accept-Ranges","Value":"bytes"},{"Name":"Cache-Control","Value":"no-cache"},{"Name":"Content-Length","Value":"267535"},{"Name":"Content-Type","Value":"text/plain"},{"Name":"ETag","Value":"\"Nfjrc4Ur9Fv2oBEswQWIyBnNDP99q+LhL+z9553O0cY=\""},{"Name":"Last-Modified","Value":"Thu, 14 Aug 2025 09:55:58 GMT"}],"EndpointProperties":[{"Name":"integrity","Value":"sha256-Nfjrc4Ur9Fv2oBEswQWIyBnNDP99q+LhL+z9553O0cY="}]},{"Route":"lib/bootstrap/dist/css/bootstrap-utilities.css.r4e9w2rdcm.map","AssetFile":"lib/bootstrap/dist/css/bootstrap-utilities.css.map","Selectors":[],"ResponseHeaders":[{"Name":"Accept-Ranges","Value":"bytes"},{"Name":"Cache-Control","Value":"max-age=31536000, immutable"},{"Name":"Content-Length","Value":"267535"},{"Name":"Content-Type","Value":"text/plain"},{"Name":"ETag","Value":"\"Nfjrc4Ur9Fv2oBEswQWIyBnNDP99q+LhL+z9553O0cY=\""},{"Name":"Last-Modified","Value":"Thu, 14 Aug 2025 09:55:58 GMT"}],"EndpointProperties":[{"Name":"fingerprint","Value":"r4e9w2rdcm"},{"Name":"integrity","Value":"sha256-Nfjrc4Ur9Fv2oBEswQWIyBnNDP99q+LhL+z9553O0cY="},{"Name":"label","Value":"lib/bootstrap/dist/css/bootstrap-utilities.css.map"}]},{"Route":"lib/bootstrap/dist/css/bootstrap-utilities.khv3u5hwcm.css","AssetFile":"lib/bootstrap/dist/css/bootstrap-utilities.css","Selectors":[],"ResponseHeaders":[{"Name":"Accept-Ranges","Value":"bytes"},{"Name":"Cache-Control","Value":"max-age=31536000, immutable"},{"Name":"Content-Length","Value":"107823"},{"Name":"Content-Type","Value":"text/css"},{"Name":"ETag","Value":"\"2BubgNUPlQSF/0wLFcRXQ/Yjzk9vsUbDAeK2QM+h+yo=\""},{"Name":"Last-Modified","Value":"Thu, 14 Aug 2025 09:55:58 GMT"}],"EndpointProperties":[{"Name":"fingerprint","Value":"khv3u5hwcm"},{"Name":"integrity","Value":"sha256-2BubgNUPlQSF/0wLFcRXQ/Yjzk9vsUbDAeK2QM+h+yo="},{"Name":"label","Value":"lib/bootstrap/dist/css/bootstrap-utilities.css"}]},{"Route":"lib/bootstrap/dist/css/bootstrap-utilities.min.css","AssetFile":"lib/bootstrap/dist/css/bootstrap-utilities.min.css","Selectors":[],"ResponseHeaders":[{"Name":"Accept-Ranges","Value":"bytes"},{"Name":"Cache-Control","Value":"no-cache"},{"Name":"Content-Length","Value":"85352"},{"Name":"Content-Type","Value":"text/css"},{"Name":"ETag","Value":"\"KyE9xbKO9CuYx0HXpIKgsWIvXkAfITtiQ172j26wmRs=\""},{"Name":"Last-Modified","Value":"Thu, 14 Aug 2025 09:55:58 GMT"}],"EndpointProperties":[{"Name":"integrity","Value":"sha256-KyE9xbKO9CuYx0HXpIKgsWIvXkAfITtiQ172j26wmRs="}]},{"Route":"lib/bootstrap/dist/css/bootstrap-utilities.min.css.c2oey78nd0.map","AssetFile":"lib/bootstrap/dist/css/bootstrap-utilities.min.css.map","Selectors":[],"ResponseHeaders":[{"Name":"Accept-Ranges","Value":"bytes"},{"Name":"Cache-Control","Value":"max-age=31536000, immutable"},{"Name":"Content-Length","Value":"180381"},{"Name":"Content-Type","Value":"text/plain"},{"Name":"ETag","Value":"\"rHDmip4JZzuaGOcSQ1QSQrIbG0Eb3Zja9whqSF1zYIU=\""},{"Name":"Last-Modified","Value":"Thu, 14 Aug 2025 09:55:58 GMT"}],"EndpointProperties":[{"Name":"fingerprint","Value":"c2oey78nd0"},{"Name":"integrity","Value":"sha256-rHDmip4JZzuaGOcSQ1QSQrIbG0Eb3Zja9whqSF1zYIU="},{"Name":"label","Value":"lib/bootstrap/dist/css/bootstrap-utilities.min.css.map"}]},{"Route":"lib/bootstrap/dist/css/bootstrap-utilities.min.css.map","AssetFile":"lib/bootstrap/dist/css/bootstrap-utilities.min.css.map","Selectors":[],"ResponseHeaders":[{"Name":"Accept-Ranges","Value":"bytes"},{"Name":"Cache-Control","Value":"no-cache"},{"Name":"Content-Length","Value":"180381"},{"Name":"Content-Type","Value":"text/plain"},{"Name":"ETag","Value":"\"rHDmip4JZzuaGOcSQ1QSQrIbG0Eb3Zja9whqSF1zYIU=\""},{"Name":"Last-Modified","Value":"Thu, 14 Aug 2025 09:55:58 GMT"}],"EndpointProperties":[{"Name":"integrity","Value":"sha256-rHDmip4JZzuaGOcSQ1QSQrIbG0Eb3Zja9whqSF1zYIU="}]},{"Route":"lib/bootstrap/dist/css/bootstrap-utilities.min.lcd1t2u6c8.css","AssetFile":"lib/bootstrap/dist/css/bootstrap-utilities.min.css","Selectors":[],"ResponseHeaders":[{"Name":"Accept-Ranges","Value":"bytes"},{"Name":"Cache-Control","Value":"max-age=31536000, immutable"},{"Name":"Content-Length","Value":"85352"},{"Name":"Content-Type","Value":"text/css"},{"Name":"ETag","Value":"\"KyE9xbKO9CuYx0HXpIKgsWIvXkAfITtiQ172j26wmRs=\""},{"Name":"Last-Modified","Value":"Thu, 14 Aug 2025 09:55:58 GMT"}],"EndpointProperties":[{"Name":"fingerprint","Value":"lcd1t2u6c8"},{"Name":"integrity","Value":"sha256-KyE9xbKO9CuYx0HXpIKgsWIvXkAfITtiQ172j26wmRs="},{"Name":"label","Value":"lib/bootstrap/dist/css/bootstrap-utilities.min.css"}]},{"Route":"lib/bootstrap/dist/css/bootstrap-utilities.rtl.css","AssetFile":"lib/bootstrap/dist/css/bootstrap-utilities.rtl.css","Selectors":[],"ResponseHeaders":[{"Name":"Accept-Ranges","Value":"bytes"},{"Name":"Cache-Control","Value":"no-cache"},{"Name":"Content-Length","Value":"107691"},{"Name":"Content-Type","Value":"text/css"},{"Name":"ETag","Value":"\"H6wkBbSwjua2veJoThJo4uy161jp+DOiZTloUlcZ6qQ=\""},{"Name":"Last-Modified","Value":"Thu, 14 Aug 2025 09:55:58 GMT"}],"EndpointProperties":[{"Name":"integrity","Value":"sha256-H6wkBbSwjua2veJoThJo4uy161jp+DOiZTloUlcZ6qQ="}]},{"Route":"lib/bootstrap/dist/css/bootstrap-utilities.rtl.css.j5mq2jizvt.map","AssetFile":"lib/bootstrap/dist/css/bootstrap-utilities.rtl.css.map","Selectors":[],"ResponseHeaders":[{"Name":"Accept-Ranges","Value":"bytes"},{"Name":"Cache-Control","Value":"max-age=31536000, immutable"},{"Name":"Content-Length","Value":"267476"},{"Name":"Content-Type","Value":"text/plain"},{"Name":"ETag","Value":"\"p0BVq5Ve/dohBIdfbrZsoQNu02JSsKh1g0wbyiQiUaU=\""},{"Name":"Last-Modified","Value":"Thu, 14 Aug 2025 09:55:58 GMT"}],"EndpointProperties":[{"Name":"fingerprint","Value":"j5mq2jizvt"},{"Name":"integrity","Value":"sha256-p0BVq5Ve/dohBIdfbrZsoQNu02JSsKh1g0wbyiQiUaU="},{"Name":"label","Value":"lib/bootstrap/dist/css/bootstrap-utilities.rtl.css.map"}]},{"Route":"lib/bootstrap/dist/css/bootstrap-utilities.rtl.css.map","AssetFile":"lib/bootstrap/dist/css/bootstrap-utilities.rtl.css.map","Selectors":[],"ResponseHeaders":[{"Name":"Accept-Ranges","Value":"bytes"},{"Name":"Cache-Control","Value":"no-cache"},{"Name":"Content-Length","Value":"267476"},{"Name":"Content-Type","Value":"text/plain"},{"Name":"ETag","Value":"\"p0BVq5Ve/dohBIdfbrZsoQNu02JSsKh1g0wbyiQiUaU=\""},{"Name":"Last-Modified","Value":"Thu, 14 Aug 2025 09:55:58 GMT"}],"EndpointProperties":[{"Name":"integrity","Value":"sha256-p0BVq5Ve/dohBIdfbrZsoQNu02JSsKh1g0wbyiQiUaU="}]},{"Route":"lib/bootstrap/dist/css/bootstrap-utilities.rtl.min.06098lyss8.css","AssetFile":"lib/bootstrap/dist/css/bootstrap-utilities.rtl.min.css","Selectors":[],"ResponseHeaders":[{"Name":"Accept-Ranges","Value":"bytes"},{"Name":"Cache-Control","Value":"max-age=31536000, immutable"},{"Name":"Content-Length","Value":"85281"},{"Name":"Content-Type","Value":"text/css"},{"Name":"ETag","Value":"\"GAUum6FjwQ8HrXGaoFRnHTqQQLpljXGavT7mBX8E9qU=\""},{"Name":"Last-Modified","Value":"Thu, 14 Aug 2025 09:55:58 GMT"}],"EndpointProperties":[{"Name":"fingerprint","Value":"06098lyss8"},{"Name":"integrity","Value":"sha256-GAUum6FjwQ8HrXGaoFRnHTqQQLpljXGavT7mBX8E9qU="},{"Name":"label","Value":"lib/bootstrap/dist/css/bootstrap-utilities.rtl.min.css"}]},{"Route":"lib/bootstrap/dist/css/bootstrap-utilities.rtl.min.css","AssetFile":"lib/bootstrap/dist/css/bootstrap-utilities.rtl.min.css","Selectors":[],"ResponseHeaders":[{"Name":"Accept-Ranges","Value":"bytes"},{"Name":"Cache-Control","Value":"no-cache"},{"Name":"Content-Length","Value":"85281"},{"Name":"Content-Type","Value":"text/css"},{"Name":"ETag","Value":"\"GAUum6FjwQ8HrXGaoFRnHTqQQLpljXGavT7mBX8E9qU=\""},{"Name":"Last-Modified","Value":"Thu, 14 Aug 2025 09:55:58 GMT"}],"EndpointProperties":[{"Name":"integrity","Value":"sha256-GAUum6FjwQ8HrXGaoFRnHTqQQLpljXGavT7mBX8E9qU="}]},{"Route":"lib/bootstrap/dist/css/bootstrap-utilities.rtl.min.css.map","AssetFile":"lib/bootstrap/dist/css/bootstrap-utilities.rtl.min.css.map","Selectors":[],"ResponseHeaders":[{"Name":"Accept-Ranges","Value":"bytes"},{"Name":"Cache-Control","Value":"no-cache"},{"Name":"Content-Length","Value":"180217"},{"Name":"Content-Type","Value":"text/plain"},{"Name":"ETag","Value":"\"o8XK32mcY/FfcOQ1D2HJvVuZ0YTXSURZDLXCK0fnQeA=\""},{"Name":"Last-Modified","Value":"Thu, 14 Aug 2025 09:55:58 GMT"}],"EndpointProperties":[{"Name":"integrity","Value":"sha256-o8XK32mcY/FfcOQ1D2HJvVuZ0YTXSURZDLXCK0fnQeA="}]},{"Route":"lib/bootstrap/dist/css/bootstrap-utilities.rtl.min.css.nvvlpmu67g.map","AssetFile":"lib/bootstrap/dist/css/bootstrap-utilities.rtl.min.css.map","Selectors":[],"ResponseHeaders":[{"Name":"Accept-Ranges","Value":"bytes"},{"Name":"Cache-Control","Value":"max-age=31536000, immutable"},{"Name":"Content-Length","Value":"180217"},{"Name":"Content-Type","Value":"text/plain"},{"Name":"ETag","Value":"\"o8XK32mcY/FfcOQ1D2HJvVuZ0YTXSURZDLXCK0fnQeA=\""},{"Name":"Last-Modified","Value":"Thu, 14 Aug 2025 09:55:58 GMT"}],"EndpointProperties":[{"Name":"fingerprint","Value":"nvvlpmu67g"},{"Name":"integrity","Value":"sha256-o8XK32mcY/FfcOQ1D2HJvVuZ0YTXSURZDLXCK0fnQeA="},{"Name":"label","Value":"lib/bootstrap/dist/css/bootstrap-utilities.rtl.min.css.map"}]},{"Route":"lib/bootstrap/dist/css/bootstrap-utilities.rtl.tdbxkamptv.css","AssetFile":"lib/bootstrap/dist/css/bootstrap-utilities.rtl.css","Selectors":[],"ResponseHeaders":[{"Name":"Accept-Ranges","Value":"bytes"},{"Name":"Cache-Control","Value":"max-age=31536000, immutable"},{"Name":"Content-Length","Value":"107691"},{"Name":"Content-Type","Value":"text/css"},{"Name":"ETag","Value":"\"H6wkBbSwjua2veJoThJo4uy161jp+DOiZTloUlcZ6qQ=\""},{"Name":"Last-Modified","Value":"Thu, 14 Aug 2025 09:55:58 GMT"}],"EndpointProperties":[{"Name":"fingerprint","Value":"tdbxkamptv"},{"Name":"integrity","Value":"sha256-H6wkBbSwjua2veJoThJo4uy161jp+DOiZTloUlcZ6qQ="},{"Name":"label","Value":"lib/bootstrap/dist/css/bootstrap-utilities.rtl.css"}]},{"Route":"lib/bootstrap/dist/css/bootstrap.css","AssetFile":"lib/bootstrap/dist/css/bootstrap.css","Selectors":[],"ResponseHeaders":[{"Name":"Accept-Ranges","Value":"bytes"},{"Name":"Cache-Control","Value":"no-cache"},{"Name":"Content-Length","Value":"281046"},{"Name":"Content-Type","Value":"text/css"},{"Name":"ETag","Value":"\"GKEF18s44B5e0MolXAkpkqLiEbOVlKf6VyYr/G/E6pw=\""},{"Name":"Last-Modified","Value":"Thu, 14 Aug 2025 09:55:58 GMT"}],"EndpointProperties":[{"Name":"integrity","Value":"sha256-GKEF18s44B5e0MolXAkpkqLiEbOVlKf6VyYr/G/E6pw="}]},{"Route":"lib/bootstrap/dist/css/bootstrap.css.map","AssetFile":"lib/bootstrap/dist/css/bootstrap.css.map","Selectors":[],"ResponseHeaders":[{"Name":"Accept-Ranges","Value":"bytes"},{"Name":"Cache-Control","Value":"no-cache"},{"Name":"Content-Length","Value":"679755"},{"Name":"Content-Type","Value":"text/plain"},{"Name":"ETag","Value":"\"KzNVR3p7UZGba94dnCtlc6jXjK5urSPiZ/eNnKTmDkw=\""},{"Name":"Last-Modified","Value":"Thu, 14 Aug 2025 09:55:58 GMT"}],"EndpointProperties":[{"Name":"integrity","Value":"sha256-KzNVR3p7UZGba94dnCtlc6jXjK5urSPiZ/eNnKTmDkw="}]},{"Route":"lib/bootstrap/dist/css/bootstrap.css.pj5nd1wqec.map","AssetFile":"lib/bootstrap/dist/css/bootstrap.css.map","Selectors":[],"ResponseHeaders":[{"Name":"Accept-Ranges","Value":"bytes"},{"Name":"Cache-Control","Value":"max-age=31536000, immutable"},{"Name":"Content-Length","Value":"679755"},{"Name":"Content-Type","Value":"text/plain"},{"Name":"ETag","Value":"\"KzNVR3p7UZGba94dnCtlc6jXjK5urSPiZ/eNnKTmDkw=\""},{"Name":"Last-Modified","Value":"Thu, 14 Aug 2025 09:55:58 GMT"}],"EndpointProperties":[{"Name":"fingerprint","Value":"pj5nd1wqec"},{"Name":"integrity","Value":"sha256-KzNVR3p7UZGba94dnCtlc6jXjK5urSPiZ/eNnKTmDkw="},{"Name":"label","Value":"lib/bootstrap/dist/css/bootstrap.css.map"}]},{"Route":"lib/bootstrap/dist/css/bootstrap.min.46ein0sx1k.css","AssetFile":"lib/bootstrap/dist/css/bootstrap.min.css","Selectors":[],"ResponseHeaders":[{"Name":"Accept-Ranges","Value":"bytes"},{"Name":"Cache-Control","Value":"max-age=31536000, immutable"},{"Name":"Content-Length","Value":"232803"},{"Name":"Content-Type","Value":"text/css"},{"Name":"ETag","Value":"\"PI8n5gCcz9cQqQXm3PEtDuPG8qx9oFsFctPg0S5zb8g=\""},{"Name":"Last-Modified","Value":"Thu, 14 Aug 2025 09:55:58 GMT"}],"EndpointProperties":[{"Name":"fingerprint","Value":"46ein0sx1k"},{"Name":"integrity","Value":"sha256-PI8n5gCcz9cQqQXm3PEtDuPG8qx9oFsFctPg0S5zb8g="},{"Name":"label","Value":"lib/bootstrap/dist/css/bootstrap.min.css"}]},{"Route":"lib/bootstrap/dist/css/bootstrap.min.css","AssetFile":"lib/bootstrap/dist/css/bootstrap.min.css","Selectors":[],"ResponseHeaders":[{"Name":"Accept-Ranges","Value":"bytes"},{"Name":"Cache-Control","Value":"no-cache"},{"Name":"Content-Length","Value":"232803"},{"Name":"Content-Type","Value":"text/css"},{"Name":"ETag","Value":"\"PI8n5gCcz9cQqQXm3PEtDuPG8qx9oFsFctPg0S5zb8g=\""},{"Name":"Last-Modified","Value":"Thu, 14 Aug 2025 09:55:58 GMT"}],"EndpointProperties":[{"Name":"integrity","Value":"sha256-PI8n5gCcz9cQqQXm3PEtDuPG8qx9oFsFctPg0S5zb8g="}]},{"Route":"lib/bootstrap/dist/css/bootstrap.min.css.map","AssetFile":"lib/bootstrap/dist/css/bootstrap.min.css.map","Selectors":[],"ResponseHeaders":[{"Name":"Accept-Ranges","Value":"bytes"},{"Name":"Cache-Control","Value":"no-cache"},{"Name":"Content-Length","Value":"589892"},{"Name":"Content-Type","Value":"text/plain"},{"Name":"ETag","Value":"\"8SM4U2NQpCLGTQLW5D/x3qSTwxVq2CP+GXYc3V1WwFs=\""},{"Name":"Last-Modified","Value":"Thu, 14 Aug 2025 09:55:58 GMT"}],"EndpointProperties":[{"Name":"integrity","Value":"sha256-8SM4U2NQpCLGTQLW5D/x3qSTwxVq2CP+GXYc3V1WwFs="}]},{"Route":"lib/bootstrap/dist/css/bootstrap.min.css.v0zj4ognzu.map","AssetFile":"lib/bootstrap/dist/css/bootstrap.min.css.map","Selectors":[],"ResponseHeaders":[{"Name":"Accept-Ranges","Value":"bytes"},{"Name":"Cache-Control","Value":"max-age=31536000, immutable"},{"Name":"Content-Length","Value":"589892"},{"Name":"Content-Type","Value":"text/plain"},{"Name":"ETag","Value":"\"8SM4U2NQpCLGTQLW5D/x3qSTwxVq2CP+GXYc3V1WwFs=\""},{"Name":"Last-Modified","Value":"Thu, 14 Aug 2025 09:55:58 GMT"}],"EndpointProperties":[{"Name":"fingerprint","Value":"v0zj4ognzu"},{"Name":"integrity","Value":"sha256-8SM4U2NQpCLGTQLW5D/x3qSTwxVq2CP+GXYc3V1WwFs="},{"Name":"label","Value":"lib/bootstrap/dist/css/bootstrap.min.css.map"}]},{"Route":"lib/bootstrap/dist/css/bootstrap.rtl.37tfw0ft22.css","AssetFile":"lib/bootstrap/dist/css/bootstrap.rtl.css","Selectors":[],"ResponseHeaders":[{"Name":"Accept-Ranges","Value":"bytes"},{"Name":"Cache-Control","Value":"max-age=31536000, immutable"},{"Name":"Content-Length","Value":"280259"},{"Name":"Content-Type","Value":"text/css"},{"Name":"ETag","Value":"\"j5E4XIj1p1kNnDi0x1teX9RXoh1/FNlPvCML9YmRh2Q=\""},{"Name":"Last-Modified","Value":"Thu, 14 Aug 2025 09:55:58 GMT"}],"EndpointProperties":[{"Name":"fingerprint","Value":"37tfw0ft22"},{"Name":"integrity","Value":"sha256-j5E4XIj1p1kNnDi0x1teX9RXoh1/FNlPvCML9YmRh2Q="},{"Name":"label","Value":"lib/bootstrap/dist/css/bootstrap.rtl.css"}]},{"Route":"lib/bootstrap/dist/css/bootstrap.rtl.css","AssetFile":"lib/bootstrap/dist/css/bootstrap.rtl.css","Selectors":[],"ResponseHeaders":[{"Name":"Accept-Ranges","Value":"bytes"},{"Name":"Cache-Control","Value":"no-cache"},{"Name":"Content-Length","Value":"280259"},{"Name":"Content-Type","Value":"text/css"},{"Name":"ETag","Value":"\"j5E4XIj1p1kNnDi0x1teX9RXoh1/FNlPvCML9YmRh2Q=\""},{"Name":"Last-Modified","Value":"Thu, 14 Aug 2025 09:55:58 GMT"}],"EndpointProperties":[{"Name":"integrity","Value":"sha256-j5E4XIj1p1kNnDi0x1teX9RXoh1/FNlPvCML9YmRh2Q="}]},{"Route":"lib/bootstrap/dist/css/bootstrap.rtl.css.hrwsygsryq.map","AssetFile":"lib/bootstrap/dist/css/bootstrap.rtl.css.map","Selectors":[],"ResponseHeaders":[{"Name":"Accept-Ranges","Value":"bytes"},{"Name":"Cache-Control","Value":"max-age=31536000, immutable"},{"Name":"Content-Length","Value":"679615"},{"Name":"Content-Type","Value":"text/plain"},{"Name":"ETag","Value":"\"3bYWUiiVYMZfv2wq5JnXIsHlQKgSKs/VcRivgjgZ1ho=\""},{"Name":"Last-Modified","Value":"Thu, 14 Aug 2025 09:55:58 GMT"}],"EndpointProperties":[{"Name":"fingerprint","Value":"hrwsygsryq"},{"Name":"integrity","Value":"sha256-3bYWUiiVYMZfv2wq5JnXIsHlQKgSKs/VcRivgjgZ1ho="},{"Name":"label","Value":"lib/bootstrap/dist/css/bootstrap.rtl.css.map"}]},{"Route":"lib/bootstrap/dist/css/bootstrap.rtl.css.map","AssetFile":"lib/bootstrap/dist/css/bootstrap.rtl.css.map","Selectors":[],"ResponseHeaders":[{"Name":"Accept-Ranges","Value":"bytes"},{"Name":"Cache-Control","Value":"no-cache"},{"Name":"Content-Length","Value":"679615"},{"Name":"Content-Type","Value":"text/plain"},{"Name":"ETag","Value":"\"3bYWUiiVYMZfv2wq5JnXIsHlQKgSKs/VcRivgjgZ1ho=\""},{"Name":"Last-Modified","Value":"Thu, 14 Aug 2025 09:55:58 GMT"}],"EndpointProperties":[{"Name":"integrity","Value":"sha256-3bYWUiiVYMZfv2wq5JnXIsHlQKgSKs/VcRivgjgZ1ho="}]},{"Route":"lib/bootstrap/dist/css/bootstrap.rtl.min.css","AssetFile":"lib/bootstrap/dist/css/bootstrap.rtl.min.css","Selectors":[],"ResponseHeaders":[{"Name":"Accept-Ranges","Value":"bytes"},{"Name":"Cache-Control","Value":"no-cache"},{"Name":"Content-Length","Value":"232911"},{"Name":"Content-Type","Value":"text/css"},{"Name":"ETag","Value":"\"h5lE7Nm8SkeIpBHHYxN99spP3VuGFKl5NZgsocil7zk=\""},{"Name":"Last-Modified","Value":"Thu, 14 Aug 2025 09:55:58 GMT"}],"EndpointProperties":[{"Name":"integrity","Value":"sha256-h5lE7Nm8SkeIpBHHYxN99spP3VuGFKl5NZgsocil7zk="}]},{"Route":"lib/bootstrap/dist/css/bootstrap.rtl.min.css.ft3s53vfgj.map","AssetFile":"lib/bootstrap/dist/css/bootstrap.rtl.min.css.map","Selectors":[],"ResponseHeaders":[{"Name":"Accept-Ranges","Value":"bytes"},{"Name":"Cache-Control","Value":"max-age=31536000, immutable"},{"Name":"Content-Length","Value":"589087"},{"Name":"Content-Type","Value":"text/plain"},{"Name":"ETag","Value":"\"rTzXlnepcb/vgFAiB+U7ODQAfOlJLfM3gY6IU7eIANk=\""},{"Name":"Last-Modified","Value":"Thu, 14 Aug 2025 09:55:58 GMT"}],"EndpointProperties":[{"Name":"fingerprint","Value":"ft3s53vfgj"},{"Name":"integrity","Value":"sha256-rTzXlnepcb/vgFAiB+U7ODQAfOlJLfM3gY6IU7eIANk="},{"Name":"label","Value":"lib/bootstrap/dist/css/bootstrap.rtl.min.css.map"}]},{"Route":"lib/bootstrap/dist/css/bootstrap.rtl.min.css.map","AssetFile":"lib/bootstrap/dist/css/bootstrap.rtl.min.css.map","Selectors":[],"ResponseHeaders":[{"Name":"Accept-Ranges","Value":"bytes"},{"Name":"Cache-Control","Value":"no-cache"},{"Name":"Content-Length","Value":"589087"},{"Name":"Content-Type","Value":"text/plain"},{"Name":"ETag","Value":"\"rTzXlnepcb/vgFAiB+U7ODQAfOlJLfM3gY6IU7eIANk=\""},{"Name":"Last-Modified","Value":"Thu, 14 Aug 2025 09:55:58 GMT"}],"EndpointProperties":[{"Name":"integrity","Value":"sha256-rTzXlnepcb/vgFAiB+U7ODQAfOlJLfM3gY6IU7eIANk="}]},{"Route":"lib/bootstrap/dist/css/bootstrap.rtl.min.pk9g2wxc8p.css","AssetFile":"lib/bootstrap/dist/css/bootstrap.rtl.min.css","Selectors":[],"ResponseHeaders":[{"Name":"Accept-Ranges","Value":"bytes"},{"Name":"Cache-Control","Value":"max-age=31536000, immutable"},{"Name":"Content-Length","Value":"232911"},{"Name":"Content-Type","Value":"text/css"},{"Name":"ETag","Value":"\"h5lE7Nm8SkeIpBHHYxN99spP3VuGFKl5NZgsocil7zk=\""},{"Name":"Last-Modified","Value":"Thu, 14 Aug 2025 09:55:58 GMT"}],"EndpointProperties":[{"Name":"fingerprint","Value":"pk9g2wxc8p"},{"Name":"integrity","Value":"sha256-h5lE7Nm8SkeIpBHHYxN99spP3VuGFKl5NZgsocil7zk="},{"Name":"label","Value":"lib/bootstrap/dist/css/bootstrap.rtl.min.css"}]},{"Route":"lib/bootstrap/dist/css/bootstrap.s35ty4nyc5.css","AssetFile":"lib/bootstrap/dist/css/bootstrap.css","Selectors":[],"ResponseHeaders":[{"Name":"Accept-Ranges","Value":"bytes"},{"Name":"Cache-Control","Value":"max-age=31536000, immutable"},{"Name":"Content-Length","Value":"281046"},{"Name":"Content-Type","Value":"text/css"},{"Name":"ETag","Value":"\"GKEF18s44B5e0MolXAkpkqLiEbOVlKf6VyYr/G/E6pw=\""},{"Name":"Last-Modified","Value":"Thu, 14 Aug 2025 09:55:58 GMT"}],"EndpointProperties":[{"Name":"fingerprint","Value":"s35ty4nyc5"},{"Name":"integrity","Value":"sha256-GKEF18s44B5e0MolXAkpkqLiEbOVlKf6VyYr/G/E6pw="},{"Name":"label","Value":"lib/bootstrap/dist/css/bootstrap.css"}]},{"Route":"lib/bootstrap/dist/js/bootstrap.bundle.6cfz1n2cew.js","AssetFile":"lib/bootstrap/dist/js/bootstrap.bundle.js","Selectors":[],"ResponseHeaders":[{"Name":"Accept-Ranges","Value":"bytes"},{"Name":"Cache-Control","Value":"max-age=31536000, immutable"},{"Name":"Content-Length","Value":"207819"},{"Name":"Content-Type","Value":"text/javascript"},{"Name":"ETag","Value":"\"mkoRoV24jV+rCPWcHDR5awPx8VuzzJKN0ibhxZ9/WaM=\""},{"Name":"Last-Modified","Value":"Thu, 14 Aug 2025 09:55:58 GMT"}],"EndpointProperties":[{"Name":"fingerprint","Value":"6cfz1n2cew"},{"Name":"integrity","Value":"sha256-mkoRoV24jV+rCPWcHDR5awPx8VuzzJKN0ibhxZ9/WaM="},{"Name":"label","Value":"lib/bootstrap/dist/js/bootstrap.bundle.js"}]},{"Route":"lib/bootstrap/dist/js/bootstrap.bundle.js","AssetFile":"lib/bootstrap/dist/js/bootstrap.bundle.js","Selectors":[],"ResponseHeaders":[{"Name":"Accept-Ranges","Value":"bytes"},{"Name":"Cache-Control","Value":"no-cache"},{"Name":"Content-Length","Value":"207819"},{"Name":"Content-Type","Value":"text/javascript"},{"Name":"ETag","Value":"\"mkoRoV24jV+rCPWcHDR5awPx8VuzzJKN0ibhxZ9/WaM=\""},{"Name":"Last-Modified","Value":"Thu, 14 Aug 2025 09:55:58 GMT"}],"EndpointProperties":[{"Name":"integrity","Value":"sha256-mkoRoV24jV+rCPWcHDR5awPx8VuzzJKN0ibhxZ9/WaM="}]},{"Route":"lib/bootstrap/dist/js/bootstrap.bundle.js.6pdc2jztkx.map","AssetFile":"lib/bootstrap/dist/js/bootstrap.bundle.js.map","Selectors":[],"ResponseHeaders":[{"Name":"Accept-Ranges","Value":"bytes"},{"Name":"Cache-Control","Value":"max-age=31536000, immutable"},{"Name":"Content-Length","Value":"444579"},{"Name":"Content-Type","Value":"text/plain"},{"Name":"ETag","Value":"\"Wq4aWW1rQdJ+6oAgy1JQc9IBjHL9T3MKfXTBNqOv02c=\""},{"Name":"Last-Modified","Value":"Thu, 14 Aug 2025 09:55:58 GMT"}],"EndpointProperties":[{"Name":"fingerprint","Value":"6pdc2jztkx"},{"Name":"integrity","Value":"sha256-Wq4aWW1rQdJ+6oAgy1JQc9IBjHL9T3MKfXTBNqOv02c="},{"Name":"label","Value":"lib/bootstrap/dist/js/bootstrap.bundle.js.map"}]},{"Route":"lib/bootstrap/dist/js/bootstrap.bundle.js.map","AssetFile":"lib/bootstrap/dist/js/bootstrap.bundle.js.map","Selectors":[],"ResponseHeaders":[{"Name":"Accept-Ranges","Value":"bytes"},{"Name":"Cache-Control","Value":"no-cache"},{"Name":"Content-Length","Value":"444579"},{"Name":"Content-Type","Value":"text/plain"},{"Name":"ETag","Value":"\"Wq4aWW1rQdJ+6oAgy1JQc9IBjHL9T3MKfXTBNqOv02c=\""},{"Name":"Last-Modified","Value":"Thu, 14 Aug 2025 09:55:58 GMT"}],"EndpointProperties":[{"Name":"integrity","Value":"sha256-Wq4aWW1rQdJ+6oAgy1JQc9IBjHL9T3MKfXTBNqOv02c="}]},{"Route":"lib/bootstrap/dist/js/bootstrap.bundle.min.493y06b0oq.js","AssetFile":"lib/bootstrap/dist/js/bootstrap.bundle.min.js","Selectors":[],"ResponseHeaders":[{"Name":"Accept-Ranges","Value":"bytes"},{"Name":"Cache-Control","Value":"max-age=31536000, immutable"},{"Name":"Content-Length","Value":"80721"},{"Name":"Content-Type","Value":"text/javascript"},{"Name":"ETag","Value":"\"CDOy6cOibCWEdsRiZuaHf8dSGGJRYuBGC+mjoJimHGw=\""},{"Name":"Last-Modified","Value":"Thu, 14 Aug 2025 09:55:58 GMT"}],"EndpointProperties":[{"Name":"fingerprint","Value":"493y06b0oq"},{"Name":"integrity","Value":"sha256-CDOy6cOibCWEdsRiZuaHf8dSGGJRYuBGC+mjoJimHGw="},{"Name":"label","Value":"lib/bootstrap/dist/js/bootstrap.bundle.min.js"}]},{"Route":"lib/bootstrap/dist/js/bootstrap.bundle.min.js","AssetFile":"lib/bootstrap/dist/js/bootstrap.bundle.min.js","Selectors":[],"ResponseHeaders":[{"Name":"Accept-Ranges","Value":"bytes"},{"Name":"Cache-Control","Value":"no-cache"},{"Name":"Content-Length","Value":"80721"},{"Name":"Content-Type","Value":"text/javascript"},{"Name":"ETag","Value":"\"CDOy6cOibCWEdsRiZuaHf8dSGGJRYuBGC+mjoJimHGw=\""},{"Name":"Last-Modified","Value":"Thu, 14 Aug 2025 09:55:58 GMT"}],"EndpointProperties":[{"Name":"integrity","Value":"sha256-CDOy6cOibCWEdsRiZuaHf8dSGGJRYuBGC+mjoJimHGw="}]},{"Route":"lib/bootstrap/dist/js/bootstrap.bundle.min.js.iovd86k7lj.map","AssetFile":"lib/bootstrap/dist/js/bootstrap.bundle.min.js.map","Selectors":[],"ResponseHeaders":[{"Name":"Accept-Ranges","Value":"bytes"},{"Name":"Cache-Control","Value":"max-age=31536000, immutable"},{"Name":"Content-Length","Value":"332090"},{"Name":"Content-Type","Value":"text/plain"},{"Name":"ETag","Value":"\"Xj4HYxZBQ7qqHKBwa2EAugRS+RHWzpcTtI49vgezUSU=\""},{"Name":"Last-Modified","Value":"Thu, 14 Aug 2025 09:55:58 GMT"}],"EndpointProperties":[{"Name":"fingerprint","Value":"iovd86k7lj"},{"Name":"integrity","Value":"sha256-Xj4HYxZBQ7qqHKBwa2EAugRS+RHWzpcTtI49vgezUSU="},{"Name":"label","Value":"lib/bootstrap/dist/js/bootstrap.bundle.min.js.map"}]},{"Route":"lib/bootstrap/dist/js/bootstrap.bundle.min.js.map","AssetFile":"lib/bootstrap/dist/js/bootstrap.bundle.min.js.map","Selectors":[],"ResponseHeaders":[{"Name":"Accept-Ranges","Value":"bytes"},{"Name":"Cache-Control","Value":"no-cache"},{"Name":"Content-Length","Value":"332090"},{"Name":"Content-Type","Value":"text/plain"},{"Name":"ETag","Value":"\"Xj4HYxZBQ7qqHKBwa2EAugRS+RHWzpcTtI49vgezUSU=\""},{"Name":"Last-Modified","Value":"Thu, 14 Aug 2025 09:55:58 GMT"}],"EndpointProperties":[{"Name":"integrity","Value":"sha256-Xj4HYxZBQ7qqHKBwa2EAugRS+RHWzpcTtI49vgezUSU="}]},{"Route":"lib/bootstrap/dist/js/bootstrap.esm.js","AssetFile":"lib/bootstrap/dist/js/bootstrap.esm.js","Selectors":[],"ResponseHeaders":[{"Name":"Accept-Ranges","Value":"bytes"},{"Name":"Cache-Control","Value":"no-cache"},{"Name":"Content-Length","Value":"135829"},{"Name":"Content-Type","Value":"text/javascript"},{"Name":"ETag","Value":"\"exiXZNJDwucXfuje3CbXPbuS6+Ery3z9sP+pgmvh8nA=\""},{"Name":"Last-Modified","Value":"Thu, 14 Aug 2025 09:55:58 GMT"}],"EndpointProperties":[{"Name":"integrity","Value":"sha256-exiXZNJDwucXfuje3CbXPbuS6+Ery3z9sP+pgmvh8nA="}]},{"Route":"lib/bootstrap/dist/js/bootstrap.esm.js.kbrnm935zg.map","AssetFile":"lib/bootstrap/dist/js/bootstrap.esm.js.map","Selectors":[],"ResponseHeaders":[{"Name":"Accept-Ranges","Value":"bytes"},{"Name":"Cache-Control","Value":"max-age=31536000, immutable"},{"Name":"Content-Length","Value":"305438"},{"Name":"Content-Type","Value":"text/plain"},{"Name":"ETag","Value":"\"EPRLgpqWkahLxEn6CUjdM76RIYIw1xdHwTbeHssuj/4=\""},{"Name":"Last-Modified","Value":"Thu, 14 Aug 2025 09:55:58 GMT"}],"EndpointProperties":[{"Name":"fingerprint","Value":"kbrnm935zg"},{"Name":"integrity","Value":"sha256-EPRLgpqWkahLxEn6CUjdM76RIYIw1xdHwTbeHssuj/4="},{"Name":"label","Value":"lib/bootstrap/dist/js/bootstrap.esm.js.map"}]},{"Route":"lib/bootstrap/dist/js/bootstrap.esm.js.map","AssetFile":"lib/bootstrap/dist/js/bootstrap.esm.js.map","Selectors":[],"ResponseHeaders":[{"Name":"Accept-Ranges","Value":"bytes"},{"Name":"Cache-Control","Value":"no-cache"},{"Name":"Content-Length","Value":"305438"},{"Name":"Content-Type","Value":"text/plain"},{"Name":"ETag","Value":"\"EPRLgpqWkahLxEn6CUjdM76RIYIw1xdHwTbeHssuj/4=\""},{"Name":"Last-Modified","Value":"Thu, 14 Aug 2025 09:55:58 GMT"}],"EndpointProperties":[{"Name":"integrity","Value":"sha256-EPRLgpqWkahLxEn6CUjdM76RIYIw1xdHwTbeHssuj/4="}]},{"Route":"lib/bootstrap/dist/js/bootstrap.esm.min.jj8uyg4cgr.js","AssetFile":"lib/bootstrap/dist/js/bootstrap.esm.min.js","Selectors":[],"ResponseHeaders":[{"Name":"Accept-Ranges","Value":"bytes"},{"Name":"Cache-Control","Value":"max-age=31536000, immutable"},{"Name":"Content-Length","Value":"73935"},{"Name":"Content-Type","Value":"text/javascript"},{"Name":"ETag","Value":"\"QZdFT1ZNdly4rmgUBtXmXFS9BU1FTa+sPe6h794sFRQ=\""},{"Name":"Last-Modified","Value":"Thu, 14 Aug 2025 09:55:58 GMT"}],"EndpointProperties":[{"Name":"fingerprint","Value":"jj8uyg4cgr"},{"Name":"integrity","Value":"sha256-QZdFT1ZNdly4rmgUBtXmXFS9BU1FTa+sPe6h794sFRQ="},{"Name":"label","Value":"lib/bootstrap/dist/js/bootstrap.esm.min.js"}]},{"Route":"lib/bootstrap/dist/js/bootstrap.esm.min.js","AssetFile":"lib/bootstrap/dist/js/bootstrap.esm.min.js","Selectors":[],"ResponseHeaders":[{"Name":"Accept-Ranges","Value":"bytes"},{"Name":"Cache-Control","Value":"no-cache"},{"Name":"Content-Length","Value":"73935"},{"Name":"Content-Type","Value":"text/javascript"},{"Name":"ETag","Value":"\"QZdFT1ZNdly4rmgUBtXmXFS9BU1FTa+sPe6h794sFRQ=\""},{"Name":"Last-Modified","Value":"Thu, 14 Aug 2025 09:55:58 GMT"}],"EndpointProperties":[{"Name":"integrity","Value":"sha256-QZdFT1ZNdly4rmgUBtXmXFS9BU1FTa+sPe6h794sFRQ="}]},{"Route":"lib/bootstrap/dist/js/bootstrap.esm.min.js.map","AssetFile":"lib/bootstrap/dist/js/bootstrap.esm.min.js.map","Selectors":[],"ResponseHeaders":[{"Name":"Accept-Ranges","Value":"bytes"},{"Name":"Cache-Control","Value":"no-cache"},{"Name":"Content-Length","Value":"222455"},{"Name":"Content-Type","Value":"text/plain"},{"Name":"ETag","Value":"\"Tsbv8z6VlNgVET8xvz/yLo/v5iJHTAj2J4hkhjP1rHM=\""},{"Name":"Last-Modified","Value":"Thu, 14 Aug 2025 09:55:58 GMT"}],"EndpointProperties":[{"Name":"integrity","Value":"sha256-Tsbv8z6VlNgVET8xvz/yLo/v5iJHTAj2J4hkhjP1rHM="}]},{"Route":"lib/bootstrap/dist/js/bootstrap.esm.min.js.y7v9cxd14o.map","AssetFile":"lib/bootstrap/dist/js/bootstrap.esm.min.js.map","Selectors":[],"ResponseHeaders":[{"Name":"Accept-Ranges","Value":"bytes"},{"Name":"Cache-Control","Value":"max-age=31536000, immutable"},{"Name":"Content-Length","Value":"222455"},{"Name":"Content-Type","Value":"text/plain"},{"Name":"ETag","Value":"\"Tsbv8z6VlNgVET8xvz/yLo/v5iJHTAj2J4hkhjP1rHM=\""},{"Name":"Last-Modified","Value":"Thu, 14 Aug 2025 09:55:58 GMT"}],"EndpointProperties":[{"Name":"fingerprint","Value":"y7v9cxd14o"},{"Name":"integrity","Value":"sha256-Tsbv8z6VlNgVET8xvz/yLo/v5iJHTAj2J4hkhjP1rHM="},{"Name":"label","Value":"lib/bootstrap/dist/js/bootstrap.esm.min.js.map"}]},{"Route":"lib/bootstrap/dist/js/bootstrap.esm.vr1egmr9el.js","AssetFile":"lib/bootstrap/dist/js/bootstrap.esm.js","Selectors":[],"ResponseHeaders":[{"Name":"Accept-Ranges","Value":"bytes"},{"Name":"Cache-Control","Value":"max-age=31536000, immutable"},{"Name":"Content-Length","Value":"135829"},{"Name":"Content-Type","Value":"text/javascript"},{"Name":"ETag","Value":"\"exiXZNJDwucXfuje3CbXPbuS6+Ery3z9sP+pgmvh8nA=\""},{"Name":"Last-Modified","Value":"Thu, 14 Aug 2025 09:55:58 GMT"}],"EndpointProperties":[{"Name":"fingerprint","Value":"vr1egmr9el"},{"Name":"integrity","Value":"sha256-exiXZNJDwucXfuje3CbXPbuS6+Ery3z9sP+pgmvh8nA="},{"Name":"label","Value":"lib/bootstrap/dist/js/bootstrap.esm.js"}]},{"Route":"lib/bootstrap/dist/js/bootstrap.js","AssetFile":"lib/bootstrap/dist/js/bootstrap.js","Selectors":[],"ResponseHeaders":[{"Name":"Accept-Ranges","Value":"bytes"},{"Name":"Cache-Control","Value":"no-cache"},{"Name":"Content-Length","Value":"145401"},{"Name":"Content-Type","Value":"text/javascript"},{"Name":"ETag","Value":"\"+UW802wgVfnjaSbdwyHLlU7AVplb0WToOlvN1CnzIac=\""},{"Name":"Last-Modified","Value":"Thu, 14 Aug 2025 09:55:58 GMT"}],"EndpointProperties":[{"Name":"integrity","Value":"sha256-+UW802wgVfnjaSbdwyHLlU7AVplb0WToOlvN1CnzIac="}]},{"Route":"lib/bootstrap/dist/js/bootstrap.js.h1s4sie4z3.map","AssetFile":"lib/bootstrap/dist/js/bootstrap.js.map","Selectors":[],"ResponseHeaders":[{"Name":"Accept-Ranges","Value":"bytes"},{"Name":"Cache-Control","Value":"max-age=31536000, immutable"},{"Name":"Content-Length","Value":"306606"},{"Name":"Content-Type","Value":"text/plain"},{"Name":"ETag","Value":"\"9Wr7Hxe8gCJDoIHh5xP29ldXvC3kN2GkifQj9c8vYx4=\""},{"Name":"Last-Modified","Value":"Thu, 14 Aug 2025 09:55:58 GMT"}],"EndpointProperties":[{"Name":"fingerprint","Value":"h1s4sie4z3"},{"Name":"integrity","Value":"sha256-9Wr7Hxe8gCJDoIHh5xP29ldXvC3kN2GkifQj9c8vYx4="},{"Name":"label","Value":"lib/bootstrap/dist/js/bootstrap.js.map"}]},{"Route":"lib/bootstrap/dist/js/bootstrap.js.map","AssetFile":"lib/bootstrap/dist/js/bootstrap.js.map","Selectors":[],"ResponseHeaders":[{"Name":"Accept-Ranges","Value":"bytes"},{"Name":"Cache-Control","Value":"no-cache"},{"Name":"Content-Length","Value":"306606"},{"Name":"Content-Type","Value":"text/plain"},{"Name":"ETag","Value":"\"9Wr7Hxe8gCJDoIHh5xP29ldXvC3kN2GkifQj9c8vYx4=\""},{"Name":"Last-Modified","Value":"Thu, 14 Aug 2025 09:55:58 GMT"}],"EndpointProperties":[{"Name":"integrity","Value":"sha256-9Wr7Hxe8gCJDoIHh5xP29ldXvC3kN2GkifQj9c8vYx4="}]},{"Route":"lib/bootstrap/dist/js/bootstrap.min.63fj8s7r0e.js","AssetFile":"lib/bootstrap/dist/js/bootstrap.min.js","Selectors":[],"ResponseHeaders":[{"Name":"Accept-Ranges","Value":"bytes"},{"Name":"Cache-Control","Value":"max-age=31536000, immutable"},{"Name":"Content-Length","Value":"60635"},{"Name":"Content-Type","Value":"text/javascript"},{"Name":"ETag","Value":"\"3gQJhtmj7YnV1fmtbVcnAV6eI4ws0Tr48bVZCThtCGQ=\""},{"Name":"Last-Modified","Value":"Thu, 14 Aug 2025 09:55:58 GMT"}],"EndpointProperties":[{"Name":"fingerprint","Value":"63fj8s7r0e"},{"Name":"integrity","Value":"sha256-3gQJhtmj7YnV1fmtbVcnAV6eI4ws0Tr48bVZCThtCGQ="},{"Name":"label","Value":"lib/bootstrap/dist/js/bootstrap.min.js"}]},{"Route":"lib/bootstrap/dist/js/bootstrap.min.js","AssetFile":"lib/bootstrap/dist/js/bootstrap.min.js","Selectors":[],"ResponseHeaders":[{"Name":"Accept-Ranges","Value":"bytes"},{"Name":"Cache-Control","Value":"no-cache"},{"Name":"Content-Length","Value":"60635"},{"Name":"Content-Type","Value":"text/javascript"},{"Name":"ETag","Value":"\"3gQJhtmj7YnV1fmtbVcnAV6eI4ws0Tr48bVZCThtCGQ=\""},{"Name":"Last-Modified","Value":"Thu, 14 Aug 2025 09:55:58 GMT"}],"EndpointProperties":[{"Name":"integrity","Value":"sha256-3gQJhtmj7YnV1fmtbVcnAV6eI4ws0Tr48bVZCThtCGQ="}]},{"Route":"lib/bootstrap/dist/js/bootstrap.min.js.0j3bgjxly4.map","AssetFile":"lib/bootstrap/dist/js/bootstrap.min.js.map","Selectors":[],"ResponseHeaders":[{"Name":"Accept-Ranges","Value":"bytes"},{"Name":"Cache-Control","Value":"max-age=31536000, immutable"},{"Name":"Content-Length","Value":"220561"},{"Name":"Content-Type","Value":"text/plain"},{"Name":"ETag","Value":"\"ZI01e/ns473GKvACG4McggJdxvFfFIw4xspwQiG8Ye4=\""},{"Name":"Last-Modified","Value":"Thu, 14 Aug 2025 09:55:58 GMT"}],"EndpointProperties":[{"Name":"fingerprint","Value":"0j3bgjxly4"},{"Name":"integrity","Value":"sha256-ZI01e/ns473GKvACG4McggJdxvFfFIw4xspwQiG8Ye4="},{"Name":"label","Value":"lib/bootstrap/dist/js/bootstrap.min.js.map"}]},{"Route":"lib/bootstrap/dist/js/bootstrap.min.js.map","AssetFile":"lib/bootstrap/dist/js/bootstrap.min.js.map","Selectors":[],"ResponseHeaders":[{"Name":"Accept-Ranges","Value":"bytes"},{"Name":"Cache-Control","Value":"no-cache"},{"Name":"Content-Length","Value":"220561"},{"Name":"Content-Type","Value":"text/plain"},{"Name":"ETag","Value":"\"ZI01e/ns473GKvACG4McggJdxvFfFIw4xspwQiG8Ye4=\""},{"Name":"Last-Modified","Value":"Thu, 14 Aug 2025 09:55:58 GMT"}],"EndpointProperties":[{"Name":"integrity","Value":"sha256-ZI01e/ns473GKvACG4McggJdxvFfFIw4xspwQiG8Ye4="}]},{"Route":"lib/bootstrap/dist/js/bootstrap.notf2xhcfb.js","AssetFile":"lib/bootstrap/dist/js/bootstrap.js","Selectors":[],"ResponseHeaders":[{"Name":"Accept-Ranges","Value":"bytes"},{"Name":"Cache-Control","Value":"max-age=31536000, immutable"},{"Name":"Content-Length","Value":"145401"},{"Name":"Content-Type","Value":"text/javascript"},{"Name":"ETag","Value":"\"+UW802wgVfnjaSbdwyHLlU7AVplb0WToOlvN1CnzIac=\""},{"Name":"Last-Modified","Value":"Thu, 14 Aug 2025 09:55:58 GMT"}],"EndpointProperties":[{"Name":"fingerprint","Value":"notf2xhcfb"},{"Name":"integrity","Value":"sha256-+UW802wgVfnjaSbdwyHLlU7AVplb0WToOlvN1CnzIac="},{"Name":"label","Value":"lib/bootstrap/dist/js/bootstrap.js"}]},{"Route":"lib/jquery-validation-unobtrusive/LICENSE.356vix0kms.txt","AssetFile":"lib/jquery-validation-unobtrusive/LICENSE.txt","Selectors":[],"ResponseHeaders":[{"Name":"Accept-Ranges","Value":"bytes"},{"Name":"Cache-Control","Value":"max-age=31536000, immutable"},{"Name":"Content-Length","Value":"1139"},{"Name":"Content-Type","Value":"text/plain"},{"Name":"ETag","Value":"\"16aFlqtpsG9RyieKZUUUjkJpqTgcJtWXwT312I4Iz1s=\""},{"Name":"Last-Modified","Value":"Thu, 14 Aug 2025 09:55:58 GMT"}],"EndpointProperties":[{"Name":"fingerprint","Value":"356vix0kms"},{"Name":"integrity","Value":"sha256-16aFlqtpsG9RyieKZUUUjkJpqTgcJtWXwT312I4Iz1s="},{"Name":"label","Value":"lib/jquery-validation-unobtrusive/LICENSE.txt"}]},{"Route":"lib/jquery-validation-unobtrusive/LICENSE.txt","AssetFile":"lib/jquery-validation-unobtrusive/LICENSE.txt","Selectors":[],"ResponseHeaders":[{"Name":"Accept-Ranges","Value":"bytes"},{"Name":"Cache-Control","Value":"no-cache"},{"Name":"Content-Length","Value":"1139"},{"Name":"Content-Type","Value":"text/plain"},{"Name":"ETag","Value":"\"16aFlqtpsG9RyieKZUUUjkJpqTgcJtWXwT312I4Iz1s=\""},{"Name":"Last-Modified","Value":"Thu, 14 Aug 2025 09:55:58 GMT"}],"EndpointProperties":[{"Name":"integrity","Value":"sha256-16aFlqtpsG9RyieKZUUUjkJpqTgcJtWXwT312I4Iz1s="}]},{"Route":"lib/jquery-validation-unobtrusive/dist/jquery.validate.unobtrusive.47otxtyo56.js","AssetFile":"lib/jquery-validation-unobtrusive/dist/jquery.validate.unobtrusive.js","Selectors":[],"ResponseHeaders":[{"Name":"Accept-Ranges","Value":"bytes"},{"Name":"Cache-Control","Value":"max-age=31536000, immutable"},{"Name":"Content-Length","Value":"19385"},{"Name":"Content-Type","Value":"text/javascript"},{"Name":"ETag","Value":"\"wJQaJ0XynBE2fq6CexXXhxKu7fstVmQc7V2MHNTo+WQ=\""},{"Name":"Last-Modified","Value":"Thu, 14 Aug 2025 09:55:58 GMT"}],"EndpointProperties":[{"Name":"fingerprint","Value":"47otxtyo56"},{"Name":"integrity","Value":"sha256-wJQaJ0XynBE2fq6CexXXhxKu7fstVmQc7V2MHNTo+WQ="},{"Name":"label","Value":"lib/jquery-validation-unobtrusive/dist/jquery.validate.unobtrusive.js"}]},{"Route":"lib/jquery-validation-unobtrusive/dist/jquery.validate.unobtrusive.js","AssetFile":"lib/jquery-validation-unobtrusive/dist/jquery.validate.unobtrusive.js","Selectors":[],"ResponseHeaders":[{"Name":"Accept-Ranges","Value":"bytes"},{"Name":"Cache-Control","Value":"no-cache"},{"Name":"Content-Length","Value":"19385"},{"Name":"Content-Type","Value":"text/javascript"},{"Name":"ETag","Value":"\"wJQaJ0XynBE2fq6CexXXhxKu7fstVmQc7V2MHNTo+WQ=\""},{"Name":"Last-Modified","Value":"Thu, 14 Aug 2025 09:55:58 GMT"}],"EndpointProperties":[{"Name":"integrity","Value":"sha256-wJQaJ0XynBE2fq6CexXXhxKu7fstVmQc7V2MHNTo+WQ="}]},{"Route":"lib/jquery-validation-unobtrusive/dist/jquery.validate.unobtrusive.min.4v8eqarkd7.js","AssetFile":"lib/jquery-validation-unobtrusive/dist/jquery.validate.unobtrusive.min.js","Selectors":[],"ResponseHeaders":[{"Name":"Accept-Ranges","Value":"bytes"},{"Name":"Cache-Control","Value":"max-age=31536000, immutable"},{"Name":"Content-Length","Value":"5824"},{"Name":"Content-Type","Value":"text/javascript"},{"Name":"ETag","Value":"\"YJa7W8EiQdQpkk93iGEjjnLSUWRpRJbSfzfURh1kxz4=\""},{"Name":"Last-Modified","Value":"Thu, 14 Aug 2025 09:55:58 GMT"}],"EndpointProperties":[{"Name":"fingerprint","Value":"4v8eqarkd7"},{"Name":"integrity","Value":"sha256-YJa7W8EiQdQpkk93iGEjjnLSUWRpRJbSfzfURh1kxz4="},{"Name":"label","Value":"lib/jquery-validation-unobtrusive/dist/jquery.validate.unobtrusive.min.js"}]},{"Route":"lib/jquery-validation-unobtrusive/dist/jquery.validate.unobtrusive.min.js","AssetFile":"lib/jquery-validation-unobtrusive/dist/jquery.validate.unobtrusive.min.js","Selectors":[],"ResponseHeaders":[{"Name":"Accept-Ranges","Value":"bytes"},{"Name":"Cache-Control","Value":"no-cache"},{"Name":"Content-Length","Value":"5824"},{"Name":"Content-Type","Value":"text/javascript"},{"Name":"ETag","Value":"\"YJa7W8EiQdQpkk93iGEjjnLSUWRpRJbSfzfURh1kxz4=\""},{"Name":"Last-Modified","Value":"Thu, 14 Aug 2025 09:55:58 GMT"}],"EndpointProperties":[{"Name":"integrity","Value":"sha256-YJa7W8EiQdQpkk93iGEjjnLSUWRpRJbSfzfURh1kxz4="}]},{"Route":"lib/jquery-validation/LICENSE.md","AssetFile":"lib/jquery-validation/LICENSE.md","Selectors":[],"ResponseHeaders":[{"Name":"Accept-Ranges","Value":"bytes"},{"Name":"Cache-Control","Value":"no-cache"},{"Name":"Content-Length","Value":"1117"},{"Name":"Content-Type","Value":"text/markdown"},{"Name":"ETag","Value":"\"geHEkw/WGPdaHQMRq5HuNY9snliNzU/y2OW8ycnhGXw=\""},{"Name":"Last-Modified","Value":"Thu, 14 Aug 2025 09:55:58 GMT"}],"EndpointProperties":[{"Name":"integrity","Value":"sha256-geHEkw/WGPdaHQMRq5HuNY9snliNzU/y2OW8ycnhGXw="}]},{"Route":"lib/jquery-validation/LICENSE.x0q3zqp4vz.md","AssetFile":"lib/jquery-validation/LICENSE.md","Selectors":[],"ResponseHeaders":[{"Name":"Accept-Ranges","Value":"bytes"},{"Name":"Cache-Control","Value":"max-age=31536000, immutable"},{"Name":"Content-Length","Value":"1117"},{"Name":"Content-Type","Value":"text/markdown"},{"Name":"ETag","Value":"\"geHEkw/WGPdaHQMRq5HuNY9snliNzU/y2OW8ycnhGXw=\""},{"Name":"Last-Modified","Value":"Thu, 14 Aug 2025 09:55:58 GMT"}],"EndpointProperties":[{"Name":"fingerprint","Value":"x0q3zqp4vz"},{"Name":"integrity","Value":"sha256-geHEkw/WGPdaHQMRq5HuNY9snliNzU/y2OW8ycnhGXw="},{"Name":"label","Value":"lib/jquery-validation/LICENSE.md"}]},{"Route":"lib/jquery-validation/dist/additional-methods.83jwlth58m.js","AssetFile":"lib/jquery-validation/dist/additional-methods.js","Selectors":[],"ResponseHeaders":[{"Name":"Accept-Ranges","Value":"bytes"},{"Name":"Cache-Control","Value":"max-age=31536000, immutable"},{"Name":"Content-Length","Value":"53033"},{"Name":"Content-Type","Value":"text/javascript"},{"Name":"ETag","Value":"\"XL6yOf4sfG2g15W8aB744T4ClbiDG4IMGl2mi0tbzu0=\""},{"Name":"Last-Modified","Value":"Thu, 14 Aug 2025 09:55:58 GMT"}],"EndpointProperties":[{"Name":"fingerprint","Value":"83jwlth58m"},{"Name":"integrity","Value":"sha256-XL6yOf4sfG2g15W8aB744T4ClbiDG4IMGl2mi0tbzu0="},{"Name":"label","Value":"lib/jquery-validation/dist/additional-methods.js"}]},{"Route":"lib/jquery-validation/dist/additional-methods.js","AssetFile":"lib/jquery-validation/dist/additional-methods.js","Selectors":[],"ResponseHeaders":[{"Name":"Accept-Ranges","Value":"bytes"},{"Name":"Cache-Control","Value":"no-cache"},{"Name":"Content-Length","Value":"53033"},{"Name":"Content-Type","Value":"text/javascript"},{"Name":"ETag","Value":"\"XL6yOf4sfG2g15W8aB744T4ClbiDG4IMGl2mi0tbzu0=\""},{"Name":"Last-Modified","Value":"Thu, 14 Aug 2025 09:55:58 GMT"}],"EndpointProperties":[{"Name":"integrity","Value":"sha256-XL6yOf4sfG2g15W8aB744T4ClbiDG4IMGl2mi0tbzu0="}]},{"Route":"lib/jquery-validation/dist/additional-methods.min.js","AssetFile":"lib/jquery-validation/dist/additional-methods.min.js","Selectors":[],"ResponseHeaders":[{"Name":"Accept-Ranges","Value":"bytes"},{"Name":"Cache-Control","Value":"no-cache"},{"Name":"Content-Length","Value":"22125"},{"Name":"Content-Type","Value":"text/javascript"},{"Name":"ETag","Value":"\"jhvKRxZo6eW/PyCe+4rjBLzqesJlE8rnyQGEjk8l2k8=\""},{"Name":"Last-Modified","Value":"Thu, 14 Aug 2025 09:55:58 GMT"}],"EndpointProperties":[{"Name":"integrity","Value":"sha256-jhvKRxZo6eW/PyCe+4rjBLzqesJlE8rnyQGEjk8l2k8="}]},{"Route":"lib/jquery-validation/dist/additional-methods.min.mrlpezrjn3.js","AssetFile":"lib/jquery-validation/dist/additional-methods.min.js","Selectors":[],"ResponseHeaders":[{"Name":"Accept-Ranges","Value":"bytes"},{"Name":"Cache-Control","Value":"max-age=31536000, immutable"},{"Name":"Content-Length","Value":"22125"},{"Name":"Content-Type","Value":"text/javascript"},{"Name":"ETag","Value":"\"jhvKRxZo6eW/PyCe+4rjBLzqesJlE8rnyQGEjk8l2k8=\""},{"Name":"Last-Modified","Value":"Thu, 14 Aug 2025 09:55:58 GMT"}],"EndpointProperties":[{"Name":"fingerprint","Value":"mrlpezrjn3"},{"Name":"integrity","Value":"sha256-jhvKRxZo6eW/PyCe+4rjBLzqesJlE8rnyQGEjk8l2k8="},{"Name":"label","Value":"lib/jquery-validation/dist/additional-methods.min.js"}]},{"Route":"lib/jquery-validation/dist/jquery.validate.js","AssetFile":"lib/jquery-validation/dist/jquery.validate.js","Selectors":[],"ResponseHeaders":[{"Name":"Accept-Ranges","Value":"bytes"},{"Name":"Cache-Control","Value":"no-cache"},{"Name":"Content-Length","Value":"52536"},{"Name":"Content-Type","Value":"text/javascript"},{"Name":"ETag","Value":"\"kRL82372ur5YrVTjFWp9muao9yeU8AoLiJxSb5ekmHg=\""},{"Name":"Last-Modified","Value":"Thu, 14 Aug 2025 09:55:58 GMT"}],"EndpointProperties":[{"Name":"integrity","Value":"sha256-kRL82372ur5YrVTjFWp9muao9yeU8AoLiJxSb5ekmHg="}]},{"Route":"lib/jquery-validation/dist/jquery.validate.lzl9nlhx6b.js","AssetFile":"lib/jquery-validation/dist/jquery.validate.js","Selectors":[],"ResponseHeaders":[{"Name":"Accept-Ranges","Value":"bytes"},{"Name":"Cache-Control","Value":"max-age=31536000, immutable"},{"Name":"Content-Length","Value":"52536"},{"Name":"Content-Type","Value":"text/javascript"},{"Name":"ETag","Value":"\"kRL82372ur5YrVTjFWp9muao9yeU8AoLiJxSb5ekmHg=\""},{"Name":"Last-Modified","Value":"Thu, 14 Aug 2025 09:55:58 GMT"}],"EndpointProperties":[{"Name":"fingerprint","Value":"lzl9nlhx6b"},{"Name":"integrity","Value":"sha256-kRL82372ur5YrVTjFWp9muao9yeU8AoLiJxSb5ekmHg="},{"Name":"label","Value":"lib/jquery-validation/dist/jquery.validate.js"}]},{"Route":"lib/jquery-validation/dist/jquery.validate.min.ag7o75518u.js","AssetFile":"lib/jquery-validation/dist/jquery.validate.min.js","Selectors":[],"ResponseHeaders":[{"Name":"Accept-Ranges","Value":"bytes"},{"Name":"Cache-Control","Value":"max-age=31536000, immutable"},{"Name":"Content-Length","Value":"25308"},{"Name":"Content-Type","Value":"text/javascript"},{"Name":"ETag","Value":"\"umbTaFxP31Fv6O1itpLS/3+v5fOAWDLOUzlmvOGaKV4=\""},{"Name":"Last-Modified","Value":"Thu, 14 Aug 2025 09:55:58 GMT"}],"EndpointProperties":[{"Name":"fingerprint","Value":"ag7o75518u"},{"Name":"integrity","Value":"sha256-umbTaFxP31Fv6O1itpLS/3+v5fOAWDLOUzlmvOGaKV4="},{"Name":"label","Value":"lib/jquery-validation/dist/jquery.validate.min.js"}]},{"Route":"lib/jquery-validation/dist/jquery.validate.min.js","AssetFile":"lib/jquery-validation/dist/jquery.validate.min.js","Selectors":[],"ResponseHeaders":[{"Name":"Accept-Ranges","Value":"bytes"},{"Name":"Cache-Control","Value":"no-cache"},{"Name":"Content-Length","Value":"25308"},{"Name":"Content-Type","Value":"text/javascript"},{"Name":"ETag","Value":"\"umbTaFxP31Fv6O1itpLS/3+v5fOAWDLOUzlmvOGaKV4=\""},{"Name":"Last-Modified","Value":"Thu, 14 Aug 2025 09:55:58 GMT"}],"EndpointProperties":[{"Name":"integrity","Value":"sha256-umbTaFxP31Fv6O1itpLS/3+v5fOAWDLOUzlmvOGaKV4="}]},{"Route":"lib/jquery/LICENSE.mlv21k5csn.txt","AssetFile":"lib/jquery/LICENSE.txt","Selectors":[],"ResponseHeaders":[{"Name":"Accept-Ranges","Value":"bytes"},{"Name":"Cache-Control","Value":"max-age=31536000, immutable"},{"Name":"Content-Length","Value":"1117"},{"Name":"Content-Type","Value":"text/plain"},{"Name":"ETag","Value":"\"hjIBkvmgxQXbNXK3B9YQ3t06RwLuQSQzC/dpvuB/lMk=\""},{"Name":"Last-Modified","Value":"Thu, 14 Aug 2025 09:55:58 GMT"}],"EndpointProperties":[{"Name":"fingerprint","Value":"mlv21k5csn"},{"Name":"integrity","Value":"sha256-hjIBkvmgxQXbNXK3B9YQ3t06RwLuQSQzC/dpvuB/lMk="},{"Name":"label","Value":"lib/jquery/LICENSE.txt"}]},{"Route":"lib/jquery/LICENSE.txt","AssetFile":"lib/jquery/LICENSE.txt","Selectors":[],"ResponseHeaders":[{"Name":"Accept-Ranges","Value":"bytes"},{"Name":"Cache-Control","Value":"no-cache"},{"Name":"Content-Length","Value":"1117"},{"Name":"Content-Type","Value":"text/plain"},{"Name":"ETag","Value":"\"hjIBkvmgxQXbNXK3B9YQ3t06RwLuQSQzC/dpvuB/lMk=\""},{"Name":"Last-Modified","Value":"Thu, 14 Aug 2025 09:55:58 GMT"}],"EndpointProperties":[{"Name":"integrity","Value":"sha256-hjIBkvmgxQXbNXK3B9YQ3t06RwLuQSQzC/dpvuB/lMk="}]},{"Route":"lib/jquery/dist/jquery.0i3buxo5is.js","AssetFile":"lib/jquery/dist/jquery.js","Selectors":[],"ResponseHeaders":[{"Name":"Accept-Ranges","Value":"bytes"},{"Name":"Cache-Control","Value":"max-age=31536000, immutable"},{"Name":"Content-Length","Value":"285314"},{"Name":"Content-Type","Value":"text/javascript"},{"Name":"ETag","Value":"\"eKhayi8LEQwp4NKxN+CfCh+3qOVUtJn3QNZ0TciWLP4=\""},{"Name":"Last-Modified","Value":"Thu, 14 Aug 2025 09:55:58 GMT"}],"EndpointProperties":[{"Name":"fingerprint","Value":"0i3buxo5is"},{"Name":"integrity","Value":"sha256-eKhayi8LEQwp4NKxN+CfCh+3qOVUtJn3QNZ0TciWLP4="},{"Name":"label","Value":"lib/jquery/dist/jquery.js"}]},{"Route":"lib/jquery/dist/jquery.js","AssetFile":"lib/jquery/dist/jquery.js","Selectors":[],"ResponseHeaders":[{"Name":"Accept-Ranges","Value":"bytes"},{"Name":"Cache-Control","Value":"no-cache"},{"Name":"Content-Length","Value":"285314"},{"Name":"Content-Type","Value":"text/javascript"},{"Name":"ETag","Value":"\"eKhayi8LEQwp4NKxN+CfCh+3qOVUtJn3QNZ0TciWLP4=\""},{"Name":"Last-Modified","Value":"Thu, 14 Aug 2025 09:55:58 GMT"}],"EndpointProperties":[{"Name":"integrity","Value":"sha256-eKhayi8LEQwp4NKxN+CfCh+3qOVUtJn3QNZ0TciWLP4="}]},{"Route":"lib/jquery/dist/jquery.min.js","AssetFile":"lib/jquery/dist/jquery.min.js","Selectors":[],"ResponseHeaders":[{"Name":"Accept-Ranges","Value":"bytes"},{"Name":"Cache-Control","Value":"no-cache"},{"Name":"Content-Length","Value":"87533"},{"Name":"Content-Type","Value":"text/javascript"},{"Name":"ETag","Value":"\"/JqT3SQfawRcv/BIHPThkBvs0OEvtFFmqPF/lYI/Cxo=\""},{"Name":"Last-Modified","Value":"Thu, 14 Aug 2025 09:55:58 GMT"}],"EndpointProperties":[{"Name":"integrity","Value":"sha256-/JqT3SQfawRcv/BIHPThkBvs0OEvtFFmqPF/lYI/Cxo="}]},{"Route":"lib/jquery/dist/jquery.min.map","AssetFile":"lib/jquery/dist/jquery.min.map","Selectors":[],"ResponseHeaders":[{"Name":"Accept-Ranges","Value":"bytes"},{"Name":"Cache-Control","Value":"no-cache"},{"Name":"Content-Length","Value":"134755"},{"Name":"Content-Type","Value":"text/plain"},{"Name":"ETag","Value":"\"z3TVHGLSmRiZiRMOu0I7MEU1Mv3ImI2OK3GxuRZagLg=\""},{"Name":"Last-Modified","Value":"Thu, 14 Aug 2025 09:55:58 GMT"}],"EndpointProperties":[{"Name":"integrity","Value":"sha256-z3TVHGLSmRiZiRMOu0I7MEU1Mv3ImI2OK3GxuRZagLg="}]},{"Route":"lib/jquery/dist/jquery.min.o1o13a6vjx.js","AssetFile":"lib/jquery/dist/jquery.min.js","Selectors":[],"ResponseHeaders":[{"Name":"Accept-Ranges","Value":"bytes"},{"Name":"Cache-Control","Value":"max-age=31536000, immutable"},{"Name":"Content-Length","Value":"87533"},{"Name":"Content-Type","Value":"text/javascript"},{"Name":"ETag","Value":"\"/JqT3SQfawRcv/BIHPThkBvs0OEvtFFmqPF/lYI/Cxo=\""},{"Name":"Last-Modified","Value":"Thu, 14 Aug 2025 09:55:58 GMT"}],"EndpointProperties":[{"Name":"fingerprint","Value":"o1o13a6vjx"},{"Name":"integrity","Value":"sha256-/JqT3SQfawRcv/BIHPThkBvs0OEvtFFmqPF/lYI/Cxo="},{"Name":"label","Value":"lib/jquery/dist/jquery.min.js"}]},{"Route":"lib/jquery/dist/jquery.min.ttgo8qnofa.map","AssetFile":"lib/jquery/dist/jquery.min.map","Selectors":[],"ResponseHeaders":[{"Name":"Accept-Ranges","Value":"bytes"},{"Name":"Cache-Control","Value":"max-age=31536000, immutable"},{"Name":"Content-Length","Value":"134755"},{"Name":"Content-Type","Value":"text/plain"},{"Name":"ETag","Value":"\"z3TVHGLSmRiZiRMOu0I7MEU1Mv3ImI2OK3GxuRZagLg=\""},{"Name":"Last-Modified","Value":"Thu, 14 Aug 2025 09:55:58 GMT"}],"EndpointProperties":[{"Name":"fingerprint","Value":"ttgo8qnofa"},{"Name":"integrity","Value":"sha256-z3TVHGLSmRiZiRMOu0I7MEU1Mv3ImI2OK3GxuRZagLg="},{"Name":"label","Value":"lib/jquery/dist/jquery.min.map"}]},{"Route":"lib/jquery/dist/jquery.slim.2z0ns9nrw6.js","AssetFile":"lib/jquery/dist/jquery.slim.js","Selectors":[],"ResponseHeaders":[{"Name":"Accept-Ranges","Value":"bytes"},{"Name":"Cache-Control","Value":"max-age=31536000, immutable"},{"Name":"Content-Length","Value":"232015"},{"Name":"Content-Type","Value":"text/javascript"},{"Name":"ETag","Value":"\"UgvvN8vBkgO0luPSUl2s8TIlOSYRoGFAX4jlCIm9Adc=\""},{"Name":"Last-Modified","Value":"Thu, 14 Aug 2025 09:55:58 GMT"}],"EndpointProperties":[{"Name":"fingerprint","Value":"2z0ns9nrw6"},{"Name":"integrity","Value":"sha256-UgvvN8vBkgO0luPSUl2s8TIlOSYRoGFAX4jlCIm9Adc="},{"Name":"label","Value":"lib/jquery/dist/jquery.slim.js"}]},{"Route":"lib/jquery/dist/jquery.slim.js","AssetFile":"lib/jquery/dist/jquery.slim.js","Selectors":[],"ResponseHeaders":[{"Name":"Accept-Ranges","Value":"bytes"},{"Name":"Cache-Control","Value":"no-cache"},{"Name":"Content-Length","Value":"232015"},{"Name":"Content-Type","Value":"text/javascript"},{"Name":"ETag","Value":"\"UgvvN8vBkgO0luPSUl2s8TIlOSYRoGFAX4jlCIm9Adc=\""},{"Name":"Last-Modified","Value":"Thu, 14 Aug 2025 09:55:58 GMT"}],"EndpointProperties":[{"Name":"integrity","Value":"sha256-UgvvN8vBkgO0luPSUl2s8TIlOSYRoGFAX4jlCIm9Adc="}]},{"Route":"lib/jquery/dist/jquery.slim.min.87fc7y1x7t.map","AssetFile":"lib/jquery/dist/jquery.slim.min.map","Selectors":[],"ResponseHeaders":[{"Name":"Accept-Ranges","Value":"bytes"},{"Name":"Cache-Control","Value":"max-age=31536000, immutable"},{"Name":"Content-Length","Value":"107143"},{"Name":"Content-Type","Value":"text/plain"},{"Name":"ETag","Value":"\"9FYmcgtx8qZo1OPPiPt/BJ/sz0EI8SRNUYsFLZDEEt4=\""},{"Name":"Last-Modified","Value":"Thu, 14 Aug 2025 09:55:58 GMT"}],"EndpointProperties":[{"Name":"fingerprint","Value":"87fc7y1x7t"},{"Name":"integrity","Value":"sha256-9FYmcgtx8qZo1OPPiPt/BJ/sz0EI8SRNUYsFLZDEEt4="},{"Name":"label","Value":"lib/jquery/dist/jquery.slim.min.map"}]},{"Route":"lib/jquery/dist/jquery.slim.min.js","AssetFile":"lib/jquery/dist/jquery.slim.min.js","Selectors":[],"ResponseHeaders":[{"Name":"Accept-Ranges","Value":"bytes"},{"Name":"Cache-Control","Value":"no-cache"},{"Name":"Content-Length","Value":"70264"},{"Name":"Content-Type","Value":"text/javascript"},{"Name":"ETag","Value":"\"kmHvs0B+OpCW5GVHUNjv9rOmY0IvSIRcf7zGUDTDQM8=\""},{"Name":"Last-Modified","Value":"Thu, 14 Aug 2025 09:55:58 GMT"}],"EndpointProperties":[{"Name":"integrity","Value":"sha256-kmHvs0B+OpCW5GVHUNjv9rOmY0IvSIRcf7zGUDTDQM8="}]},{"Route":"lib/jquery/dist/jquery.slim.min.map","AssetFile":"lib/jquery/dist/jquery.slim.min.map","Selectors":[],"ResponseHeaders":[{"Name":"Accept-Ranges","Value":"bytes"},{"Name":"Cache-Control","Value":"no-cache"},{"Name":"Content-Length","Value":"107143"},{"Name":"Content-Type","Value":"text/plain"},{"Name":"ETag","Value":"\"9FYmcgtx8qZo1OPPiPt/BJ/sz0EI8SRNUYsFLZDEEt4=\""},{"Name":"Last-Modified","Value":"Thu, 14 Aug 2025 09:55:58 GMT"}],"EndpointProperties":[{"Name":"integrity","Value":"sha256-9FYmcgtx8qZo1OPPiPt/BJ/sz0EI8SRNUYsFLZDEEt4="}]},{"Route":"lib/jquery/dist/jquery.slim.min.muycvpuwrr.js","AssetFile":"lib/jquery/dist/jquery.slim.min.js","Selectors":[],"ResponseHeaders":[{"Name":"Accept-Ranges","Value":"bytes"},{"Name":"Cache-Control","Value":"max-age=31536000, immutable"},{"Name":"Content-Length","Value":"70264"},{"Name":"Content-Type","Value":"text/javascript"},{"Name":"ETag","Value":"\"kmHvs0B+OpCW5GVHUNjv9rOmY0IvSIRcf7zGUDTDQM8=\""},{"Name":"Last-Modified","Value":"Thu, 14 Aug 2025 09:55:58 GMT"}],"EndpointProperties":[{"Name":"fingerprint","Value":"muycvpuwrr"},{"Name":"integrity","Value":"sha256-kmHvs0B+OpCW5GVHUNjv9rOmY0IvSIRcf7zGUDTDQM8="},{"Name":"label","Value":"lib/jquery/dist/jquery.slim.min.js"}]}]}